,cid,cidname,brand,model,datamonth,price,biz30day,biz30day_rank,total_sold_price,total_sold_price_rank,model_ratings,model_rank,model_pos,model_neu,model_neg,model_total,model_rate,model_rate_rank
7,2019090610,投影仪,acer/宏碁,H7550ST,201908,7109.0,194,339,1588463.68,246,66.9,416.0,80.0,0.0,0.0,80.0,1.0,1
11,2019090610,投影仪,acer/宏碁,V7500+,201908,5027.89,77,400,398293.0,340,76.9,341.0,60.0,0.0,0.0,60.0,1.0,2
18,2019090610,投影仪,acer/宏碁,Z650,201908,7609.0,27,427,240705.71,378,66.79,417.0,32.0,0.0,0.0,32.0,1.0,3
175,2019090610,投影仪,panasonic/松下,PT-WX3400,201908,2849.0,427,281,1531217.8199999998,248,71.41,390.0,133.0,0.0,0.0,133.0,1.0,4
10,2019090610,投影仪,acer/宏碁,V6820M,201908,9350.8,26,428,178331.8,389,69.9,399.0,25.0,0.0,0.0,25.0,1.0,5
420,2019090610,投影仪,福满门,B100-BA,201908,1620.0,227,326,350702.89,351,67.6,413.0,80.0,0.0,0.0,80.0,1.0,6
27,2019090610,投影仪,aodian/澳典,M6,201908,1399.0,77,402,105016.33,410,73.8,368.0,48.0,0.0,0.0,48.0,1.0,7
174,2019090610,投影仪,panasonic/松下,PT-WW3600L,201908,5318.31,68,410,360425.38,348,91.3,77.0,40.0,0.0,0.0,40.0,1.0,8
113,2019090610,投影仪,hitachi/日立,K29E,201908,3049.15,1976,171,5865848.06,147,86.58,176.0,552.0,0.0,0.0,552.0,1.0,9
348,2019090610,投影仪,创荣,炫舞 3001-HT,201908,2998.0,120,372,379542.0,345,83.84,225.0,350.0,0.0,0.0,350.0,1.0,10
297,2019090610,投影仪,xiaomi/小米,米家投影仪,201908,3317.89,4607,123,16804436.009999998,71,76.97,340.0,4.0,0.0,0.0,4.0,1.0,11
48,2019090610,投影仪,benq/明基,LX810STD,201908,6341.8,52,418,282966.5,366,87.8,155.0,104.0,0.0,0.0,104.0,1.0,12
158,2019090610,投影仪,nec,NP-CD2116X,201908,3999.0,79,398,391192.60000000003,343,78.89,310.0,24.0,0.0,0.0,24.0,1.0,13
232,2019090610,投影仪,rigal,RD~606,201908,1745.18,61,412,94467.79999999999,414,76.1,347.0,60.0,0.0,0.0,60.0,1.0,14
39,2019090610,投影仪,benq/明基,E560,201908,5145.67,215,330,1083164.49,274,80.47,286.0,56.0,0.0,0.0,56.0,1.0,15
98,2019090610,投影仪,evieo/神画,F1 PRO,201908,5999.0,62,411,392838.0,342,64.44,421.0,40.0,0.0,0.0,40.0,1.0,16
256,2019090610,投影仪,sony/索尼,VPL-EX453,201908,4918.83,210,332,1018504.0,279,86.44,178.0,63.0,0.0,0.0,63.0,1.0,17
29,2019090610,投影仪,aodian/澳典,M8,201908,1449.0,106,383,189556.72999999998,386,74.93,357.0,95.0,0.0,0.0,95.0,1.0,18
50,2019090610,投影仪,benq/明基,MS3081,201908,2334.67,416,283,1001836.23,281,92.35,56.0,96.0,0.0,0.0,96.0,1.0,19
310,2019090610,投影仪,业王,YG520,201908,719.2,161,357,116915.49,406,95.3,10.0,424.0,0.0,0.0,424.0,1.0,20
428,2019090610,投影仪,蓝旭,T2,201908,492.15,238,320,123018.37,405,89.84,107.0,152.0,0.0,0.0,152.0,1.0,21
258,2019090610,投影仪,sony/索尼,VPL-HW48,201908,12699.5,122,371,1689165.6099999999,242,85.72,189.0,248.0,0.0,0.0,248.0,1.0,22
124,2019090610,投影仪,jmgo/坚果,G3 PRO,201908,4099.0,400,286,1946284.0,233,77.39,333.0,252.0,0.0,0.0,252.0,1.0,23
112,2019090610,投影仪,hisense/海信,80L5D,201908,21999.0,176,346,3015713.0,200,63.69,423.0,24.0,0.0,0.0,24.0,1.0,24
176,2019090610,投影仪,panasonic/松下,PT-WX3400L,201908,3611.62,1081,213,2905870.75,203,84.71,206.0,1200.0,0.0,0.0,1200.0,1.0,25
52,2019090610,投影仪,benq/明基,MS521H,201908,2685.67,949,222,2653554.7699999996,213,86.3,182.0,721.0,0.0,0.0,721.0,1.0,26
173,2019090610,投影仪,panasonic/松下,PT-UX315C,201908,3474.04,748,241,2644589.07,214,78.91,309.0,368.0,0.0,0.0,368.0,1.0,27
290,2019090610,投影仪,xbygimi/极米科技,XJ02P 套装版,201908,22499.0,125,369,2413987.5300000003,221,77.61,331.0,52.0,0.0,0.0,52.0,1.0,28
119,2019090610,投影仪,jmgo/坚果,A6定制版,201908,1832.33,109,380,163948.46999999997,393,78.17,322.0,24.0,0.0,0.0,24.0,1.0,29
91,2019090610,投影仪,epson/爱普生,CB-W42,201908,5499.33,56,416,315317.32,361,72.84,376.0,10.0,0.0,0.0,10.0,1.0,30
126,2019090610,投影仪,jmgo/坚果,H70,201908,6988.0,22,430,155636.0,398,70.22,396.0,44.0,0.0,0.0,44.0,1.0,31
278,2019090610,投影仪,wowoto/窝窝头,S6,201908,4499.0,28,425,124672.0,404,83.14,246.0,60.0,0.0,0.0,60.0,1.0,32
58,2019090610,投影仪,benq/明基,MX507,201908,2935.67,115,375,328678.29000000004,356,96.99,1.0,192.0,0.0,0.0,192.0,1.0,33
121,2019090610,投影仪,jmgo/坚果,C7,201908,2595.83,69,409,169099.95,391,58.46,431.0,16.0,0.0,0.0,16.0,1.0,34
105,2019090610,投影仪,e家乐,E02.,201908,1258.28,235,322,331641.25000000006,355,85.65,190.0,378.0,0.0,0.0,378.0,1.0,35
150,2019090610,投影仪,lightbrother/光影兄弟,W7S,201908,1724.0,88,393,154894.78000000003,399,72.88,375.0,125.0,0.0,0.0,125.0,1.0,36
234,2019090610,投影仪,rigal,卓越&尊享,201908,822.0,166,354,150412.2,400,82.65,253.0,112.0,0.0,0.0,112.0,1.0,37
57,2019090610,投影仪,benq/明基,MW632ST,201908,4358.02,76,403,334625.83,353,70.84,392.0,24.0,0.0,0.0,24.0,1.0,38
16,2019090610,投影仪,acer/宏碁,X1325WI,201908,4039.0,34,422,137326.0,403,66.6,418.0,24.0,0.0,0.0,24.0,1.0,39
331,2019090610,投影仪,光米,P6,201908,725.32,242,318,191848.0,385,74.87,358.0,145.0,0.0,0.0,145.0,1.0,40
54,2019090610,投影仪,benq/明基,MS531,201908,2511.5,116,374,295373.62,365,68.0,412.0,49.0,0.0,0.0,49.0,1.0,41
49,2019090610,投影仪,benq/明基,MH534,201908,4403.58,149,361,755256.03,300,70.06,398.0,91.0,0.0,0.0,91.0,1.0,42
246,2019090610,投影仪,skyworth/创维,LP1802,201908,1899.0,28,426,53172.0,423,73.18,373.0,24.0,0.0,0.0,24.0,1.0,43
6,2019090610,投影仪,acer/宏碁,H7530D,201908,2899.0,24,429,73076.0,419,69.16,405.0,20.0,0.0,0.0,20.0,1.0,44
109,2019090610,投影仪,e家乐,Q7.A,201908,957.6,60,413,57456.0,421,86.81,173.0,40.0,0.0,0.0,40.0,1.0,45
69,2019090610,投影仪,benq/明基,W2000+,201908,7799.0,100,388,808354.0,293,72.28,386.0,112.0,0.0,0.0,112.0,1.0,46
367,2019090610,投影仪,奥普达,CYW600,201908,2850.0,198,337,567444.0,322,74.4,364.0,65.0,0.0,0.0,65.0,1.0,47
308,2019090610,投影仪,万德成,VV28,201908,1304.25,610,250,815391.14,291,83.27,243.0,832.0,0.0,0.0,832.0,1.0,48
161,2019090610,投影仪,nec,其他/OTHER,201908,2750.0,37,421,79730.20000000001,418,72.84,376.0,16.0,0.0,0.0,16.0,1.0,49
63,2019090610,投影仪,benq/明基,RS3355,201908,2878.0,171,349,446425.23999999993,336,87.98,149.0,105.0,0.0,0.0,105.0,1.0,50
425,2019090610,投影仪,美高光电,G20S,201908,2799.0,31,423,87126.65,416,79.37,301.0,48.0,0.0,0.0,48.0,1.0,51
103,2019090610,投影仪,e家乐,A8.C,201908,345.6,76,404,26265.6,429,81.95,267.0,52.0,0.0,0.0,52.0,1.0,52
168,2019090610,投影仪,optoma/奥图码,SL1,201908,3099.0,169,351,448201.0,334,68.78,407.0,100.0,0.0,0.0,100.0,1.0,53
147,2019090610,投影仪,lejiada/乐佳达,YG300,201908,318.0,168,353,47162.36,425,60.43,427.0,24.0,0.0,0.0,24.0,1.0,54
86,2019090610,投影仪,epson/爱普生,6300,201908,600.0,124,370,89040.0,415,83.66,233.0,45.0,0.0,0.0,45.0,1.0,55
368,2019090610,投影仪,奥普达,CYWI000,201908,1809.0,134,365,245806.0,376,84.04,221.0,48.0,0.0,0.0,48.0,1.0,56
409,2019090610,投影仪,灵云,S2,201908,689.0,50,419,34656.07,427,68.37,410.0,12.0,0.0,0.0,12.0,1.0,57
65,2019090610,投影仪,benq/明基,TH683,201908,5402.33,109,381,599637.3200000001,313,87.69,156.0,88.0,0.0,0.0,88.0,1.0,58
167,2019090610,投影仪,optoma/奥图码,S341,201908,2362.0,228,325,566391.6100000001,323,83.47,235.0,76.0,0.0,0.0,76.0,1.0,59
36,2019090610,投影仪,benq/明基,E1443,201908,4162.25,482,264,1908052.09,234,83.31,242.0,746.0,0.0,4.0,750.0,0.9946666666666667,60
383,2019090610,投影仪,微影,Q5,201908,298.8,844,235,401078.41,339,89.13,119.0,1296.0,0.0,8.0,1304.0,0.9938650306748467,61
157,2019090610,投影仪,nec,NP-CD1110,201908,1975.92,2388,158,5451774.64,151,80.24,291.0,2432.0,8.0,8.0,2448.0,0.9934640522875817,62
24,2019090610,投影仪,aet,Z1多媒体,201908,815.67,1469,191,1228166.8,266,82.11,261.0,1816.0,0.0,12.0,1828.0,0.9934354485776805,63
155,2019090610,投影仪,nec,CD1100X,201908,2835.0,466,267,1259922.5,264,80.59,284.0,1128.0,8.0,0.0,1136.0,0.9929577464788732,64
182,2019090610,投影仪,podoor,投影仪,201908,1589.0,2095,166,3381620.81,190,90.16,103.0,3252.0,12.0,12.0,3276.0,0.9926739926739927,65
13,2019090610,投影仪,acer/宏碁,X1225I,201908,3659.0,185,341,653315.0,310,82.68,252.0,532.0,4.0,0.0,536.0,0.9925373134328358,66
190,2019090610,投影仪,poner saund/轰天炮,GP18,201908,320.63,5210,115,1832849.41,238,88.58,132.0,3365.0,12.0,16.0,3393.0,0.9917477158856469,67
346,2019090610,投影仪,创荣,炫舞 1700-HT,201908,1398.0,403,284,361354.57999999996,347,87.85,151.0,1110.0,5.0,5.0,1120.0,0.9910714285714286,68
389,2019090610,投影仪,微影,Z3,201908,774.0,9199,79,7293421.0,130,94.92,12.0,12780.0,40.0,76.0,12896.0,0.9910049627791563,69
325,2019090610,投影仪,先奇,XQ-6,201908,1549.0,2077,167,4351234.8100000005,174,93.31,36.0,3215.0,10.0,20.0,3245.0,0.9907550077041603,70
227,2019090610,投影仪,rigal,RD-825,201908,958.3,63562,5,72568161.69,15,96.13,4.0,83152.0,315.0,469.0,83936.0,0.990659550133435,71
259,2019090610,投影仪,touchjet,S1智触版,201908,2088.0,442,276,930006.0,288,88.35,140.0,970.0,0.0,10.0,980.0,0.9897959183673469,72
216,2019090610,投影仪,rigal,RD-606,201908,1560.31,13934,56,20612743.62,59,91.6,70.0,17052.0,104.0,92.0,17248.0,0.9886363636363636,73
145,2019090610,投影仪,kixin,K5升级版,201908,1729.0,16648,43,27646398.0,46,89.29,118.0,3076.0,16.0,20.0,3112.0,0.9884318766066839,74
60,2019090610,投影仪,benq/明基,MX528,201908,3420.78,1714,181,5524296.969999998,149,85.08,199.0,2048.0,8.0,16.0,2072.0,0.9884169884169884,75
430,2019090610,投影仪,飞兰,Z1,201908,598.8,290,303,162791.6,395,82.05,265.0,805.0,5.0,5.0,815.0,0.9877300613496932,76
213,2019090610,投影仪,rigal,RD-603,201908,2119.0,205,336,422895.0,338,79.24,302.0,312.0,4.0,0.0,316.0,0.9873417721518988,77
183,2019090610,投影仪,poner saund/轰天炮,33-06W,201908,1077.68,13894,58,13282743.819999998,84,92.49,52.0,8848.0,20.0,95.0,8963.0,0.9871694745063037,78
371,2019090610,投影仪,奥普达,OPD-98K,201908,1521.33,6442,96,9467460.330000002,112,93.9,27.0,11138.0,50.0,95.0,11283.0,0.9871488079411505,79
322,2019090610,投影仪,先奇,XQ-17,201908,858.0,3030,146,2734982.75,211,90.6,94.0,3940.0,12.0,40.0,3992.0,0.9869739478957916,80
59,2019090610,投影仪,benq/明基,MX522H,201908,3288.69,1313,198,4306334.01,175,84.67,207.0,1554.0,0.0,21.0,1575.0,0.9866666666666667,81
25,2019090610,投影仪,aodian/澳典,M 19,201908,1455.57,28554,26,37119621.269999996,36,95.76,6.0,27615.0,137.0,237.0,27989.0,0.9866376076315695,82
429,2019090610,投影仪,陌咔,Q3,201908,1999.0,518,257,999392.1699999999,282,86.62,175.0,1108.0,4.0,12.0,1124.0,0.9857651245551602,83
385,2019090610,投影仪,微影,T5,201908,298.8,3257,138,3411711.5199999996,189,93.41,34.0,7172.0,28.0,76.0,7276.0,0.9857064321055525,84
181,2019090610,投影仪,podoor,T5,201908,1799.0,252,313,453348.0,333,81.55,274.0,272.0,0.0,4.0,276.0,0.9855072463768116,85
195,2019090610,投影仪,poner saund/轰天炮,LED-96+,201908,1527.0,14105,54,19213060.78,64,95.24,11.0,17715.0,86.0,180.0,17981.0,0.9852066069740282,86
197,2019090610,投影仪,poner saund/轰天炮,M11,201908,1526.09,4628,121,6971686.0,135,92.62,48.0,4792.0,20.0,52.0,4864.0,0.9851973684210527,87
311,2019090610,投影仪,亦智,H8,201908,725.1,5850,104,9368301.01,114,94.38,22.0,9135.0,65.0,75.0,9275.0,0.9849056603773585,88
251,2019090610,投影仪,sony/索尼,MP-CD1,201908,2998.58,911,227,3236899.61,194,83.83,226.0,975.0,5.0,10.0,990.0,0.9848484848484849,89
205,2019090610,投影仪,poner saund/轰天炮,M9,201908,1458.22,6375,98,9389600.719999999,113,88.92,122.0,3608.0,12.0,44.0,3664.0,0.9847161572052402,90
369,2019090610,投影仪,奥普达,HK10,201908,980.0,356,293,332680.0,354,79.48,300.0,630.0,0.0,10.0,640.0,0.984375,91
301,2019090610,投影仪,ximico/西米可,S3,201908,512.22,1705,182,748328.51,303,80.1,293.0,1456.0,4.0,20.0,1480.0,0.9837837837837838,92
395,2019090610,投影仪,普沃达,Z3,201908,888.0,10345,74,9250171.0,119,96.2,3.0,51432.0,396.0,456.0,52284.0,0.9837043837502869,93
345,2019090610,投影仪,创荣,炫舞 1601-HT,201908,499.0,526,256,432053.0,337,89.65,111.0,472.0,8.0,0.0,480.0,0.9833333333333333,94
279,2019090610,投影仪,xbygimi/极米科技,G03V,201908,3743.07,878,232,3134718.0,197,81.81,268.0,353.0,0.0,6.0,359.0,0.9832869080779945,95
267,2019090610,投影仪,ukcsis,T6,201908,1318.8,10336,75,14084741.27,82,94.47,19.0,26902.0,200.0,260.0,27362.0,0.9831883634237263,96
164,2019090610,投影仪,optoma/奥图码,HD39HDR,201908,5419.0,162,356,898388.0,289,79.61,297.0,232.0,0.0,4.0,236.0,0.9830508474576272,97
354,2019090610,投影仪,大眼橙,X7,201908,4299.0,54,417,224446.0,380,78.09,324.0,232.0,0.0,4.0,236.0,0.9830508474576272,98
184,2019090610,投影仪,poner saund/轰天炮,DLP-100WM,201908,1299.0,483,263,626864.4900000001,311,84.27,217.0,1716.0,12.0,18.0,1746.0,0.9828178694158075,99
307,2019090610,投影仪,万德成,VV26,201908,1152.0,29726,24,42818583.76,28,92.55,49.0,22793.0,91.0,308.0,23192.0,0.9827957916522939,100
92,2019090610,投影仪,epson/爱普生,CB-X05,201908,3251.61,3492,132,11864837.360000001,96,84.99,202.0,2334.0,12.0,30.0,2376.0,0.9823232323232324,101
323,2019090610,投影仪,先奇,XQ-2,201908,3199.0,276,309,756524.0,299,80.26,289.0,330.0,0.0,6.0,336.0,0.9821428571428571,102
202,2019090610,投影仪,poner saund/轰天炮,M6,201908,1584.43,10798,73,15801546.92,74,94.15,23.0,15566.0,72.0,212.0,15850.0,0.9820820189274448,103
312,2019090610,投影仪,亦智,Z3,201908,837.6,5067,116,8195117.380000001,122,92.85,41.0,6455.0,21.0,98.0,6574.0,0.9818983875874657,104
220,2019090610,投影仪,rigal,RD-806旗舰版,201908,1780.0,60,414,96121.67,413,85.85,187.0,216.0,4.0,0.0,220.0,0.9818181818181818,105
397,2019090610,投影仪,欢乐投,W80,201908,297.6,7143,89,2458156.76,218,87.82,153.0,3644.0,40.0,28.0,3712.0,0.9816810344827587,106
198,2019090610,投影仪,poner saund/轰天炮,M12,201908,1347.37,3575,130,4863775.87,159,91.29,80.0,2304.0,4.0,40.0,2348.0,0.9812606473594548,107
201,2019090610,投影仪,poner saund/轰天炮,M5,201908,1307.5,31663,23,35135848.03999999,38,95.65,7.0,23014.0,232.0,247.0,23493.0,0.9796109479419401,108
146,2019090610,投影仪,lamela/拉米拉,X200,201908,1966.68,3231,139,6242694.319999999,143,94.84,14.0,10072.0,88.0,124.0,10284.0,0.9793854531310774,109
373,2019090610,投影仪,奥普达,Z1,201908,1561.17,5623,108,9363048.84,115,91.32,75.0,3936.0,24.0,60.0,4020.0,0.9791044776119403,110
244,2019090610,投影仪,signyean/希影,S2,201908,1798.8,1846,179,3374344.82,191,91.29,81.0,3504.0,36.0,40.0,3580.0,0.9787709497206704,111
30,2019090610,投影仪,aodian/澳典,T13,201908,1699.0,517,258,960483.0,285,84.25,218.0,553.0,6.0,6.0,565.0,0.9787610619469026,112
26,2019090610,投影仪,aodian/澳典,M18,201908,2579.0,182,343,571214.0,320,76.52,344.0,322.0,7.0,0.0,329.0,0.9787234042553191,113
266,2019090610,投影仪,ukcsis,T 9,201908,1615.67,494,260,387261.83999999997,344,82.99,248.0,920.0,4.0,16.0,940.0,0.9787234042553191,114
76,2019090610,投影仪,coolux/酷乐视,R4风尚,201908,1559.94,7322,86,12852798.379999999,89,92.82,43.0,20550.0,180.0,270.0,21000.0,0.9785714285714285,115
64,2019090610,投影仪,benq/明基,RX3356,201908,3425.0,1183,209,3922018.8200000003,181,86.91,168.0,910.0,10.0,10.0,930.0,0.978494623655914,116
208,2019090610,投影仪,rigal,806,201908,1413.33,24108,30,24844210.68,52,92.38,54.0,13890.0,56.0,252.0,14198.0,0.9783068037751796,117
143,2019090610,投影仪,jmgo/坚果,微果H6,201908,2112.39,5450,109,11587320.75,97,88.49,137.0,3784.0,24.0,60.0,3868.0,0.9782833505687694,118
399,2019090610,投影仪,欧擎,OSON-D9,201908,1438.8,9668,78,13038720.550000003,87,90.51,97.0,5352.0,40.0,80.0,5472.0,0.9780701754385965,119
382,2019090610,投影仪,微影,H2S,201908,1399.0,171,348,254149.0,374,81.98,266.0,356.0,0.0,8.0,364.0,0.978021978021978,120
321,2019090610,投影仪,先奇,XQ-16,201908,2080.0,212,331,323092.64,358,84.33,216.0,220.0,0.0,5.0,225.0,0.9777777777777777,121
336,2019090610,投影仪,光米,T1S,201908,499.0,290,302,145000.0,402,74.45,363.0,215.0,0.0,5.0,220.0,0.9772727272727273,122
31,2019090610,投影仪,aodian/澳典,T13S,201908,1799.0,171,350,314568.6,362,80.39,287.0,215.0,5.0,0.0,220.0,0.9772727272727273,123
255,2019090610,投影仪,sony/索尼,VPL-EX433,201908,3482.91,3414,133,10590714.730000002,103,86.89,170.0,2292.0,42.0,12.0,2346.0,0.9769820971867008,124
305,2019090610,投影仪,万德成,VV19.,201908,406.8,6660,94,2916537.8900000006,202,90.65,92.0,5936.0,49.0,91.0,6076.0,0.9769585253456221,125
132,2019090610,投影仪,jmgo/坚果,M6,201908,1940.15,8640,80,17587546.61,69,94.6,18.0,8771.0,46.0,161.0,8978.0,0.9769436400089107,126
15,2019090610,投影仪,acer/宏碁,X128H,201908,2729.26,2236,161,6402796.19,140,82.17,260.0,1136.0,11.0,16.0,1163.0,0.9767841788478074,127
138,2019090610,投影仪,jmgo/坚果,V9,201908,6357.77,1560,186,10851240.19,102,90.48,98.0,2475.0,25.0,35.0,2535.0,0.9763313609467456,128
45,2019090610,投影仪,benq/明基,I706,201908,7380.4,96,390,582562.3999999999,317,79.03,306.0,164.0,0.0,4.0,168.0,0.9761904761904762,129
55,2019090610,投影仪,benq/明基,MS630ST,201908,3431.24,486,262,1591396.2899999993,245,84.05,220.0,322.0,0.0,8.0,330.0,0.9757575757575757,130
160,2019090610,投影仪,nec,NP-U321H+,201908,8999.0,240,319,3767010.7400000007,186,79.58,298.0,320.0,0.0,8.0,328.0,0.975609756097561,131
228,2019090610,投影仪,rigal,RD-825/,201908,973.37,209,333,196465.47,384,83.72,231.0,320.0,4.0,4.0,328.0,0.975609756097561,132
53,2019090610,投影仪,benq/明基,MS527,201908,2461.99,11306,69,28317531.979999997,45,91.6,69.0,10176.0,64.0,192.0,10432.0,0.9754601226993865,133
90,2019090610,投影仪,epson/爱普生,CB-U05,201908,6086.77,708,243,4402058.890000001,172,84.96,203.0,714.0,6.0,12.0,732.0,0.9754098360655737,134
390,2019090610,投影仪,微影,Z8,201908,1237.16,3302,137,3845423.38,183,90.0,105.0,6476.0,48.0,116.0,6640.0,0.9753012048192771,135
110,2019090610,投影仪,fujitsu/富士通,FA100,201908,1274.17,16228,46,26429187.869999997,47,93.85,29.0,49566.0,427.0,840.0,50833.0,0.9750752463950584,136
347,2019090610,投影仪,创荣,炫舞 2001-HT,201908,1620.88,136,364,246143.59999999998,375,77.09,338.0,156.0,4.0,0.0,160.0,0.975,137
83,2019090610,投影仪,coolux/酷乐视,Z6,201908,2512.9,473,265,746237.11,305,87.68,157.0,575.0,10.0,5.0,590.0,0.9745762711864406,138
421,2019090610,投影仪,福满门,B100AA-A,201908,322.8,111872,2,40644452.120000005,31,94.8,15.0,95011.0,776.0,1704.0,97491.0,0.9745617544183566,139
387,2019090610,投影仪,微影,Z1,201908,298.8,1315,197,967662.0,284,84.54,211.0,1964.0,12.0,40.0,2016.0,0.9742063492063492,140
135,2019090610,投影仪,jmgo/坚果,R8,201908,2254.96,384,287,932654.5,287,87.61,158.0,600.0,4.0,12.0,616.0,0.974025974025974,141
333,2019090610,投影仪,光米,S1,201908,503.83,656,245,340078.39,352,81.19,277.0,375.0,0.0,10.0,385.0,0.974025974025974,142
200,2019090610,投影仪,poner saund/轰天炮,M4,201908,1253.51,13826,60,23119967.76,53,90.84,88.0,4001.0,29.0,78.0,4108.0,0.9739532619279455,143
274,2019090610,投影仪,whaley/微鲸,WP20E2A,201908,1699.0,365,291,592153.0,314,76.97,339.0,444.0,4.0,8.0,456.0,0.9736842105263158,144
85,2019090610,投影仪,d·m,Z3,201908,899.0,608,251,546592.0,325,91.18,85.0,3544.0,32.0,64.0,3640.0,0.9736263736263736,145
206,2019090610,投影仪,poner saund/轰天炮,S160,201908,1508.38,10134,76,15000772.309999999,75,90.88,87.0,5556.0,64.0,88.0,5708.0,0.9733707077785564,146
89,2019090610,投影仪,epson/爱普生,CB-S05E,201908,2718.86,20146,37,46629991.7,22,91.78,67.0,13556.0,153.0,219.0,13928.0,0.9732912119471568,147
193,2019090610,投影仪,poner saund/轰天炮,LED-86+ WIFI,201908,1232.34,53393,14,80169338.58999999,12,95.77,5.0,56501.0,557.0,997.0,58055.0,0.9732322797347343,148
134,2019090610,投影仪,jmgo/坚果,P3,201908,3755.45,2901,148,9578538.0,111,85.58,191.0,1288.0,4.0,32.0,1324.0,0.972809667673716,149
388,2019090610,投影仪,微影,Z2,201908,1249.0,622,249,799104.38,296,80.57,285.0,1144.0,8.0,24.0,1176.0,0.9727891156462585,150
392,2019090610,投影仪,微麦,M100S,201908,1599.0,2899,149,4606811.0,166,93.17,39.0,5708.0,44.0,116.0,5868.0,0.972733469665985,151
222,2019090610,投影仪,rigal,RD-807升级版,201908,1694.0,5994,103,9939098.0,108,94.85,13.0,12419.0,130.0,220.0,12769.0,0.9725898660819171,152
315,2019090610,投影仪,亦盾,Q900,201908,1173.6,14081,55,21333016.81,57,92.5,51.0,13555.0,125.0,260.0,13940.0,0.9723816355810617,153
194,2019090610,投影仪,poner saund/轰天炮,LED-96,201908,1164.91,10087,77,14263440.249999998,81,93.56,33.0,11808.0,40.0,296.0,12144.0,0.9723320158102767,154
304,2019090610,投影仪,万德成,C5,201908,1437.6,6662,93,10260478.490000002,106,88.79,125.0,2783.0,32.0,48.0,2863.0,0.97205728257073,155
93,2019090610,投影仪,epson/爱普生,CB-X05E,201908,3517.09,5687,107,20386992.249999996,60,92.3,58.0,5527.0,90.0,74.0,5691.0,0.9711825689685468,156
43,2019090610,投影仪,benq/明基,EX6550,201908,3446.19,2351,159,7811120.509999999,123,85.19,196.0,1414.0,0.0,42.0,1456.0,0.9711538461538461,157
344,2019090610,投影仪,冰冠,813,201908,321.6,1643,183,528388.81,327,85.57,192.0,1748.0,28.0,24.0,1800.0,0.9711111111111111,158
196,2019090610,投影仪,poner saund/轰天炮,LED-96G,201908,1527.62,68312,4,95957272.86999999,7,95.37,9.0,44955.0,304.0,1046.0,46305.0,0.9708454810495627,159
407,2019090610,投影仪,火辣椒,T3,201908,1511.5,3060,144,5023612.5,156,90.9,86.0,2120.0,28.0,36.0,2184.0,0.9706959706959707,160
61,2019090610,投影仪,benq/明基,MX532P,201908,3412.33,376,289,1285247.29,260,83.13,247.0,231.0,7.0,0.0,238.0,0.9705882352941176,161
230,2019090610,投影仪,rigal,RD-829,201908,454.8,1785,180,700952.3999999999,308,92.1,64.0,4228.0,35.0,95.0,4358.0,0.9701698026617714,162
281,2019090610,投影仪,xbygimi/极米科技,G04V,201908,4010.11,1192,207,4630708.0,165,84.03,222.0,780.0,12.0,12.0,804.0,0.9701492537313433,163
56,2019090610,投影仪,benq/明基,MW529,201908,3675.15,422,282,1496316.2100000002,251,76.79,342.0,227.0,0.0,7.0,234.0,0.9700854700854701,164
80,2019090610,投影仪,coolux/酷乐视,V501,201908,1111.7,4436,125,4682861.79,164,88.76,126.0,896.0,4.0,24.0,924.0,0.9696969696969697,165
302,2019090610,投影仪,ximico/西米可,T5,201908,948.84,2208,162,1075367.05,275,86.31,181.0,795.0,10.0,15.0,820.0,0.9695121951219512,166
131,2019090610,投影仪,jmgo/坚果,L6-H,201908,4611.98,1482,190,7151962.6,132,85.02,201.0,439.0,0.0,14.0,453.0,0.9690949227373068,167
253,2019090610,投影仪,sony/索尼,VPL-DX221,201908,2932.82,1847,178,5309774.24,152,87.02,165.0,783.0,10.0,15.0,808.0,0.969059405940594,168
366,2019090610,投影仪,奥普达,02,201908,1005.6,6241,100,6810459.2,136,89.59,112.0,4530.0,25.0,120.0,4675.0,0.9689839572192513,169
426,2019090610,投影仪,节之冠,R11,201908,1599.0,219,327,356361.22,349,74.73,359.0,310.0,0.0,10.0,320.0,0.96875,170
284,2019090610,投影仪,xbygimi/极米科技,XH05L,201908,2479.28,1150,210,3277846.0,192,79.98,294.0,465.0,0.0,15.0,480.0,0.96875,171
384,2019090610,投影仪,微影,Q7智能语音版,201908,298.8,452,273,157666.72,397,85.83,188.0,860.0,8.0,20.0,888.0,0.9684684684684685,172
313,2019090610,投影仪,亦盾,BH908W,201908,1077.6,20837,36,36768916.91,37,96.64,2.0,26259.0,388.0,480.0,27127.0,0.968002359273049,173
199,2019090610,投影仪,poner saund/轰天炮,M2,201908,1158.09,61844,7,91894718.0,10,94.46,20.0,27872.0,264.0,678.0,28814.0,0.967307558825571,174
40,2019090610,投影仪,benq/明基,E580,201908,7061.98,377,288,2609152.9699999997,215,75.72,351.0,322.0,6.0,5.0,333.0,0.9669669669669669,175
34,2019090610,投影仪,benq/明基,BS5050,201908,2484.03,7743,83,20814919.18,58,91.51,71.0,12670.0,175.0,259.0,13104.0,0.9668803418803419,176
296,2019090610,投影仪,xiaomi/小米,MJJGTYDS02FM,201908,2360.32,1214,205,2953625.5,201,82.39,258.0,348.0,0.0,12.0,360.0,0.9666666666666667,177
207,2019090610,投影仪,rigal,603升级版,201908,1819.0,25374,29,45355426.0,23,92.19,62.0,27329.0,244.0,708.0,28281.0,0.9663378239807645,178
403,2019090610,投影仪,汇趣,F09,201908,285.6,22949,33,7167655.17,131,93.76,30.0,16550.0,144.0,436.0,17130.0,0.9661412726211325,179
123,2019090610,投影仪,jmgo/坚果,G3,201908,3450.99,18451,40,51302169.07000001,21,92.83,42.0,13254.0,118.0,350.0,13722.0,0.9658941845212068,180
287,2019090610,投影仪,xbygimi/极米科技,XHC06,201908,2541.33,881,230,4466190.149999999,169,88.19,143.0,837.0,22.0,8.0,867.0,0.9653979238754326,181
133,2019090610,投影仪,jmgo/坚果,P2,201908,3295.22,5719,106,17674899.939999998,67,92.15,63.0,5949.0,42.0,174.0,6165.0,0.964963503649635,182
88,2019090610,投影仪,epson/爱普生,CB-S05,201908,2683.81,7538,84,20353299.21,61,88.86,123.0,3162.0,32.0,84.0,3278.0,0.9646125686394142,183
179,2019090610,投影仪,podoor,N5,201908,2999.0,918,225,2753082.0,210,87.99,148.0,1084.0,20.0,20.0,1124.0,0.9644128113879004,184
78,2019090610,投影仪,coolux/酷乐视,V107,201908,1240.59,29266,25,41786516.63,30,94.01,26.0,30869.0,385.0,756.0,32010.0,0.9643548890971572,185
410,2019090610,投影仪,瑞视达,AK-30,201908,799.0,209,334,163891.0,394,79.19,303.0,216.0,0.0,8.0,224.0,0.9642857142857143,186
21,2019090610,投影仪,aet,M3,201908,442.8,455,271,214002.0,381,83.73,230.0,536.0,12.0,8.0,556.0,0.9640287769784173,187
192,2019090610,投影仪,poner saund/轰天炮,LED-86+,201908,1048.39,61943,6,87030883.10000002,11,93.31,35.0,29685.0,300.0,817.0,30802.0,0.9637361210311018,188
180,2019090610,投影仪,podoor,N5挑战者,201908,3044.0,497,259,1515163.29,249,82.58,254.0,628.0,4.0,20.0,652.0,0.9631901840490797,189
303,2019090610,投影仪,zte/中兴,SPRO2,201908,1799.0,944,223,2849845.0,207,74.27,365.0,416.0,0.0,16.0,432.0,0.9629629629629629,190
141,2019090610,投影仪,jmgo/坚果,X3,201908,6693.41,3706,128,24871983.19,51,89.08,120.0,416.0,12.0,4.0,432.0,0.9629629629629629,191
73,2019090610,投影仪,coolux/酷乐视,R4,201908,2258.95,13854,59,44184567.29,25,93.68,32.0,16224.0,168.0,456.0,16848.0,0.9629629629629629,192
137,2019090610,投影仪,jmgo/坚果,U1,201908,11385.37,400,285,6234278.95,144,90.05,104.0,491.0,4.0,15.0,510.0,0.9627450980392157,193
33,2019090610,投影仪,benq/明基,BS3030,201908,2456.83,15468,52,40012418.71,32,83.93,224.0,7389.0,112.0,176.0,7677.0,0.9624853458382181,194
221,2019090610,投影仪,rigal,RD-807,201908,1380.0,6396,97,7672621.529999999,126,90.59,95.0,11196.0,156.0,282.0,11634.0,0.962351727694688,195
243,2019090610,投影仪,sast/先科,P07-D,201908,1351.88,12441,64,17664616.94,68,94.42,21.0,23771.0,384.0,550.0,24705.0,0.962193887876948,196
104,2019090610,投影仪,e家乐,A8C.2,201908,345.6,915,226,316223.99999999994,360,74.61,361.0,606.0,0.0,24.0,630.0,0.9619047619047619,197
4,2019090610,投影仪,蓝旭,T1,201908,289.03,137,363,39421.18,426,88.09,146.0,100.0,4.0,0.0,104.0,0.9615384615384616,198
288,2019090610,投影仪,xbygimi/极米科技,XHCU01,201908,2000.8,297,301,606803.0,312,80.35,288.0,100.0,0.0,4.0,104.0,0.9615384615384616,199
357,2019090610,投影仪,天猫魔屏,A1C,201908,1491.77,15763,49,22690730.439999998,55,93.02,40.0,14859.0,140.0,455.0,15454.0,0.9614986411285105,200
2,2019090610,投影仪,蒂彤,M38,201908,2449.0,457,270,1116073.0,270,78.03,325.0,396.0,4.0,12.0,412.0,0.9611650485436893,201
249,2019090610,投影仪,skyworth/创维,P2,201908,1897.41,6555,95,13051744.75,86,86.86,171.0,3364.0,36.0,100.0,3500.0,0.9611428571428572,202
242,2019090610,投影仪,sast/先科,LCD1000A,201908,968.6,859,234,805887.87,294,88.16,145.0,1952.0,12.0,68.0,2032.0,0.9606299212598425,203
398,2019090610,投影仪,欧擎,A6,201908,1438.8,12362,65,16501599.889999995,72,92.28,59.0,8658.0,112.0,245.0,9015.0,0.9603993344425956,204
46,2019090610,投影仪,benq/明基,I707,201908,6959.19,277,308,1881514.9000000001,235,75.5,354.0,192.0,0.0,8.0,200.0,0.96,205
362,2019090610,投影仪,天猫魔屏,X9S,201908,5045.0,2744,150,4839380.2299999995,160,88.55,134.0,2340.0,33.0,65.0,2438.0,0.9598031173092699,206
79,2019090610,投影仪,coolux/酷乐视,V315,201908,1438.57,6235,101,12589875.220000003,93,88.38,139.0,2355.0,20.0,80.0,2455.0,0.9592668024439919,207
12,2019090610,投影仪,acer/宏碁,X118H,201908,2268.68,2718,151,6668832.540000001,138,82.55,255.0,1631.0,10.0,60.0,1701.0,0.9588477366255144,208
415,2019090610,投影仪,瑞视达,T26,201908,949.0,313,297,316372.6,359,78.4,318.0,272.0,4.0,8.0,284.0,0.9577464788732394,209
68,2019090610,投影仪,benq/明基,W2000,201908,5839.0,283,306,2175667.0,228,72.88,374.0,544.0,0.0,24.0,568.0,0.9577464788732394,210
413,2019090610,投影仪,瑞视达,T1,201908,299.0,5013,117,2076640.97,230,83.97,223.0,3450.0,17.0,136.0,3603.0,0.9575353871773522,211
144,2019090610,投影仪,jmgo/坚果,微果I6,201908,1873.87,2631,152,4751378.55,162,89.81,108.0,4400.0,64.0,132.0,4596.0,0.9573542210617929,212
204,2019090610,投影仪,poner saund/轰天炮,M8,201908,1642.68,772,240,1241738.6199999999,265,80.81,282.0,712.0,8.0,24.0,744.0,0.956989247311828,213
96,2019090610,投影仪,epson/爱普生,CH-TW650,201908,5205.94,996,220,5220069.09,155,83.72,232.0,756.0,0.0,34.0,790.0,0.9569620253164557,214
140,2019090610,投影仪,jmgo/坚果,W730,201908,5999.0,776,239,3870607.4699999997,182,84.61,209.0,665.0,5.0,25.0,695.0,0.9568345323741008,215
422,2019090610,投影仪,福满门,B100AAE-1,201908,478.8,12687,63,14690180.090000002,77,91.31,76.0,18430.0,280.0,552.0,19262.0,0.9568061468175683,216
149,2019090610,投影仪,lightbrother/光影兄弟,W7,201908,1593.29,13904,57,22989467.0,54,91.7,68.0,19451.0,325.0,555.0,20331.0,0.956716344498549,217
327,2019090610,投影仪,光米,M1,201908,331.58,7523,85,3516175.17,188,88.68,129.0,7192.0,86.0,240.0,7518.0,0.9566374035647779,218
229,2019090610,投影仪,rigal,RD-828,201908,1558.57,22093,34,20228442.47,62,94.04,25.0,11357.0,165.0,350.0,11872.0,0.9566206199460916,219
130,2019090610,投影仪,jmgo/坚果,JG-J7,201908,3482.43,23992,31,102962012.57999998,6,94.72,17.0,38912.0,570.0,1196.0,40678.0,0.9565858695117754,220
275,2019090610,投影仪,whaley/微鲸,WP20E2B,201908,2699.0,218,328,588382.0,316,71.42,389.0,176.0,0.0,8.0,184.0,0.9565217391304348,221
95,2019090610,投影仪,epson/爱普生,CH-TW6300,201908,6356.17,313,296,2889095.8000000003,205,82.1,263.0,110.0,0.0,5.0,115.0,0.9565217391304348,222
41,2019090610,投影仪,benq/明基,ES6540,201908,2628.65,15792,48,42177011.550000004,29,88.56,133.0,9849.0,91.0,357.0,10297.0,0.9564921821889871,223
17,2019090610,投影仪,acer/宏碁,X138WH,201908,3146.06,1457,192,4993183.739999999,157,82.09,264.0,1631.0,35.0,40.0,1706.0,0.9560375146541618,224
129,2019090610,投影仪,jmgo/坚果,J7S,201908,4284.5,3070,143,13287880.5,83,91.2,83.0,8410.0,132.0,256.0,8798.0,0.9558990679699931,225
214,2019090610,投影仪,rigal,RD-603增强版,201908,2119.0,229,324,466601.0,330,88.51,136.0,692.0,20.0,12.0,724.0,0.9558011049723757,226
406,2019090610,投影仪,汇趣,F19,201908,405.6,778,238,281908.8,367,72.5,385.0,1208.0,16.0,40.0,1264.0,0.9556962025316456,227
37,2019090610,投影仪,benq/明基,E3378,201908,2859.32,1519,187,4289094.02,176,77.36,335.0,776.0,4.0,32.0,812.0,0.9556650246305419,228
386,2019090610,投影仪,微影,V6,201908,45.6,451,274,167459.6,392,78.5,317.0,256.0,4.0,8.0,268.0,0.9552238805970149,229
326,2019090610,投影仪,光米,AK-30,201908,755.53,2174,164,1624353.16,244,89.41,114.0,1446.0,20.0,48.0,1514.0,0.9550858652575958,230
380,2019090610,投影仪,峰米,FMWS01C,201908,14454.73,3171,140,38017128.559999995,35,90.75,90.0,4959.0,72.0,162.0,5193.0,0.9549393414211439,231
125,2019090610,投影仪,jmgo/坚果,G7,201908,2977.42,48811,17,149098876.0,4,93.73,31.0,60656.0,859.0,2020.0,63535.0,0.954686393326513,232
191,2019090610,投影仪,poner saund/轰天炮,LED-33,201908,926.94,5289,114,3195152.81,195,87.03,164.0,3584.0,88.0,84.0,3756.0,0.9542066027689031,233
408,2019090610,投影仪,灵云,S1,201908,333.0,6093,102,2324849.45,224,90.32,100.0,6288.0,68.0,236.0,6592.0,0.9538834951456311,234
115,2019090610,投影仪,jmgo/坚果,1895,201908,10970.15,429,279,4383091.0,173,78.61,314.0,164.0,0.0,8.0,172.0,0.9534883720930233,235
338,2019090610,投影仪,光米,T5,201908,238.8,23424,32,8619400.24,120,91.85,66.0,17058.0,255.0,580.0,17893.0,0.9533337059185156,236
99,2019090610,投影仪,evieo/神画,Q1,201908,2999.0,2015,169,6493045.0,139,90.29,101.0,3770.0,60.0,125.0,3955.0,0.9532237673830595,237
358,2019090610,投影仪,天猫魔屏,A1S,201908,3099.0,303,300,749704.52,301,85.14,198.0,405.0,5.0,15.0,425.0,0.9529411764705882,238
324,2019090610,投影仪,先奇,XQ-5,201908,1749.0,28144,28,56089122.75000001,18,88.71,127.0,5243.0,70.0,189.0,5502.0,0.9529262086513995,239
277,2019090610,投影仪,whaley/微鲸,WP45F1B,201908,2282.17,1339,196,3773128.0,185,88.52,135.0,3026.0,54.0,96.0,3176.0,0.9527707808564232,240
219,2019090610,投影仪,rigal,RD-806增强版,201908,1085.96,43033,19,55825445.919999994,19,91.3,78.0,19392.0,336.0,632.0,20360.0,0.9524557956777996,241
217,2019090610,投影仪,rigal,RD-611,201908,1810.77,3606,129,6306275.369999999,141,78.22,321.0,320.0,8.0,8.0,336.0,0.9523809523809523,242
260,2019090610,投影仪,touchjet,T2,201908,3288.0,579,253,2075525.5000000002,231,79.54,299.0,420.0,0.0,21.0,441.0,0.9523809523809523,243
42,2019090610,投影仪,benq/明基,ES7539,201908,3136.39,1254,203,4264677.499999997,177,77.56,332.0,640.0,0.0,32.0,672.0,0.9523809523809523,244
165,2019090610,投影仪,optoma/奥图码,HDF575,201908,6099.0,247,316,1486745.0,252,91.25,82.0,160.0,0.0,8.0,168.0,0.9523809523809523,245
189,2019090610,投影仪,poner saund/轰天炮,GP-9,201908,460.93,18222,41,10537326.31,104,90.27,102.0,7641.0,58.0,327.0,8026.0,0.9520308995763768,246
245,2019090610,投影仪,skyworth/创维,D1,201908,3793.12,256,312,1024023.0,278,78.75,312.0,178.0,0.0,9.0,187.0,0.9518716577540107,247
295,2019090610,投影仪,xbygimi/极米科技,XJ13V,201908,1931.05,6793,91,13200353.0,85,91.4,73.0,8688.0,124.0,316.0,9128.0,0.9517966695880806,248
356,2019090610,投影仪,天猫魔屏,A1,201908,2204.62,32459,22,71715673.63,16,91.29,79.0,45379.0,557.0,1744.0,47680.0,0.9517407718120805,249
127,2019090610,投影仪,jmgo/坚果,J6,201908,3748.5,1931,172,7781029.57,124,84.38,215.0,1932.0,14.0,84.0,2030.0,0.9517241379310345,250
142,2019090610,投影仪,jmgo/坚果,微果 J30-2C0,201908,1997.48,15902,47,29686568.0,43,92.4,53.0,14363.0,235.0,494.0,15092.0,0.9516962629207527,251
351,2019090610,投影仪,大眼橙,V2,201908,2999.0,72,407,209928.0,383,83.35,240.0,195.0,5.0,5.0,205.0,0.9512195121951219,252
51,2019090610,投影仪,benq/明基,MS506,201908,2484.56,1298,199,2870861.96,206,81.68,272.0,312.0,0.0,16.0,328.0,0.9512195121951219,253
359,2019090610,投影仪,天猫魔屏,M1,201908,1351.67,55267,12,74461298.0,14,93.24,37.0,62345.0,817.0,2385.0,65547.0,0.9511495568065663,254
276,2019090610,投影仪,whaley/微鲸,WP33M1A,201908,4888.14,287,304,1402789.0,253,81.76,270.0,582.0,12.0,18.0,612.0,0.9509803921568627,255
318,2019090610,投影仪,佳睿,R11S 小银,201908,1621.75,686,244,1094103.37,271,75.37,355.0,620.0,8.0,24.0,652.0,0.950920245398773,256
178,2019090610,投影仪,philips/飞利浦,PPX5110CN,201908,1603.58,1255,202,2171398.59,229,75.94,349.0,770.0,5.0,35.0,810.0,0.9506172839506173,257
19,2019090610,投影仪,aet,M2,201908,346.8,1414,193,571471.59,319,83.74,229.0,916.0,12.0,36.0,964.0,0.950207468879668,258
3,2019090610,投影仪,蒂彤,T 6,201908,1600.67,15683,51,26120770.5,48,92.8,44.0,22396.0,284.0,892.0,23572.0,0.950110300356355,259
370,2019090610,投影仪,奥普达,HK~10,201908,850.0,6761,92,5899534.5200000005,146,85.98,186.0,6797.0,28.0,329.0,7154.0,0.9500978473581213,260
72,2019090610,投影仪,coolux/酷乐视,Q7旗舰版,201908,2518.8,6347,99,10284374.780000005,105,88.61,131.0,8921.0,168.0,301.0,9390.0,0.9500532481363152,261
169,2019090610,投影仪,optoma/奥图码,UHD566,201908,10499.0,209,335,2406807.57,222,86.54,177.0,285.0,0.0,15.0,300.0,0.95,262
71,2019090610,投影仪,coolux/酷乐视,Q6精英版,201908,856.74,10929,72,11446902.750000002,99,88.17,144.0,7178.0,88.0,296.0,7562.0,0.9492197831261571,263
335,2019090610,投影仪,光米,T1,201908,294.63,61221,9,25994679.63,49,92.03,65.0,26176.0,426.0,980.0,27582.0,0.9490247262707563,264
223,2019090610,投影仪,rigal,RD-808,201908,1653.71,16630,44,24931663.080000006,50,93.87,28.0,16782.0,283.0,620.0,17685.0,0.9489397794741307,265
111,2019090610,投影仪,fujitsu/富士通,FA200,201908,1231.63,3366,134,5286402.92,154,87.58,160.0,2742.0,40.0,110.0,2892.0,0.9481327800829875,266
171,2019090610,投影仪,optoma/奥图码,X316ST,201908,3721.88,269,310,968493.5000000001,283,77.95,327.0,72.0,0.0,4.0,76.0,0.9473684210526315,267
248,2019090610,投影仪,skyworth/创维,P1-PRO,201908,1499.0,905,228,1356595.0,255,86.81,174.0,648.0,12.0,24.0,684.0,0.9473684210526315,268
106,2019090610,投影仪,e家乐,E08WIFI版,201908,358.8,236,321,109297.67999999998,408,70.25,395.0,216.0,0.0,12.0,228.0,0.9473684210526315,269
286,2019090610,投影仪,xbygimi/极米科技,XHAD22,201908,3926.11,1852,177,6765702.12,137,84.87,205.0,1120.0,20.0,44.0,1184.0,0.9459459459459459,270
215,2019090610,投影仪,rigal,RD-605,201908,1838.74,2591,154,3844273.53,184,89.3,117.0,3352.0,56.0,136.0,3544.0,0.945823927765237,271
38,2019090610,投影仪,benq/明基,E500,201908,4010.03,4615,122,19338115.83,63,88.38,138.0,5051.0,78.0,214.0,5343.0,0.9453490548381059,272
291,2019090610,投影仪,xbygimi/极米科技,XJ03A,201908,3167.14,58219,11,181945991.0,3,93.2,38.0,62864.0,907.0,2730.0,66501.0,0.9453090930963444,273
423,2019090610,投影仪,福满门,B130AE-1,201908,286.8,51585,16,44556961.63,24,92.51,50.0,70320.0,1064.0,3024.0,74408.0,0.9450596710031179,274
328,2019090610,投影仪,光米,M2,201908,298.74,61497,8,21975854.32,56,92.77,45.0,36887.0,419.0,1729.0,39035.0,0.944972460612271,275
153,2019090610,投影仪,mego,G6,201908,1899.98,3920,127,7088412.15,134,78.99,307.0,2643.0,30.0,124.0,2797.0,0.9449410082230961,276
250,2019090610,投影仪,skyworth/创维,S3,201908,6219.83,128,367,747477.8500000001,304,72.53,384.0,204.0,4.0,8.0,216.0,0.9444444444444444,277
23,2019090610,投影仪,aet,Z1,201908,649.0,1926,173,1280959.4100000001,261,85.33,194.0,680.0,4.0,36.0,720.0,0.9444444444444444,278
224,2019090610,投影仪,rigal,RD-810,201908,467.13,5847,105,2897140.0600000005,204,90.66,91.0,8203.0,115.0,368.0,8686.0,0.944393276536956,279
94,2019090610,投影仪,epson/爱普生,CH-TW5400,201908,3594.95,3351,135,17773118.41,66,87.84,152.0,2577.0,72.0,80.0,2729.0,0.9443019421033345,280
379,2019090610,投影仪,峰米,4K激光电视,201908,18952.91,779,237,14718171.0,76,88.69,128.0,1435.0,45.0,40.0,1520.0,0.944078947368421,281
163,2019090610,投影仪,optoma/奥图码,HD300,201908,4508.9,360,292,1557594.4799999997,247,82.35,259.0,268.0,8.0,8.0,284.0,0.9436619718309859,282
337,2019090610,投影仪,光米,T26,201908,1027.52,2606,153,2657530.7299999995,212,86.15,184.0,3340.0,56.0,144.0,3540.0,0.943502824858757,283
329,2019090610,投影仪,光米,M3,201908,469.0,16470,45,10105102.020000001,107,92.33,57.0,24543.0,400.0,1070.0,26013.0,0.943489793564756,284
128,2019090610,投影仪,jmgo/坚果,J6S,201908,3922.62,18922,39,77935811.78999999,13,91.5,72.0,21782.0,370.0,938.0,23090.0,0.9433521004763967,285
156,2019090610,投影仪,nec,NP-CD1010H,201908,4220.2,280,307,1141314.2,269,77.88,328.0,330.0,5.0,15.0,350.0,0.9428571428571428,286
317,2019090610,投影仪,佳睿,R11S AI智能版,201908,1689.0,58300,10,95488232.25,8,92.35,55.0,50149.0,825.0,2270.0,53244.0,0.9418713845691533,287
334,2019090610,投影仪,光米,S3,201908,370.36,4852,119,2366548.81,223,86.41,179.0,2848.0,28.0,148.0,3024.0,0.9417989417989417,288
185,2019090610,投影仪,poner saund/轰天炮,DLP-600,201908,2399.0,307,298,704662.0,306,72.67,382.0,256.0,16.0,0.0,272.0,0.9411764705882353,289
177,2019090610,投影仪,panasonic/松下,PT-WX3900L,201908,5070.99,73,406,394705.83999999997,341,83.47,234.0,64.0,4.0,0.0,68.0,0.9411764705882353,290
339,2019090610,投影仪,光米,T60,201908,1499.0,642,246,809998.73,292,85.24,195.0,768.0,18.0,30.0,816.0,0.9411764705882353,291
235,2019090610,投影仪,robot go,M6,201908,1438.8,1072,215,1504182.7100000002,250,79.62,296.0,1225.0,14.0,63.0,1302.0,0.9408602150537635,292
102,2019090610,投影仪,e家乐,.E08.,201908,351.47,3163,141,1269686.42,262,87.42,162.0,2173.0,32.0,106.0,2311.0,0.9402855906533968,293
343,2019090610,投影仪,冠诺,T 8,201908,1558.8,12944,62,17551108.080000006,70,90.77,89.0,14320.0,273.0,644.0,15237.0,0.9398175493863622,294
210,2019090610,投影仪,rigal,RD--805,201908,744.75,793,236,473762.08,329,77.34,336.0,624.0,0.0,40.0,664.0,0.9397590361445783,295
411,2019090610,投影仪,瑞视达,M1,201908,477.48,8155,81,4430973.33,171,89.31,115.0,11236.0,239.0,491.0,11966.0,0.9389938158114658,296
353,2019090610,投影仪,大眼橙,X1,201908,1698.51,3958,126,7409142.0,128,88.34,141.0,860.0,12.0,44.0,916.0,0.9388646288209607,297
271,2019090610,投影仪,viewsonic/优派,M1+,201908,2238.95,446,275,1007157.51,280,83.16,245.0,368.0,8.0,16.0,392.0,0.9387755102040817,298
226,2019090610,投影仪,rigal,RD-822,201908,1453.17,4927,118,7640501.83,127,88.22,142.0,4259.0,109.0,171.0,4539.0,0.9383124036131306,299
233,2019090610,投影仪,rigal,RD~819,201908,1451.55,11651,67,16191018.87,73,89.99,106.0,5288.0,90.0,260.0,5638.0,0.937921248669741,300
97,2019090610,投影仪,evieo/神画,F1,201908,4499.0,460,269,2273140.0,225,84.56,210.0,1266.0,12.0,72.0,1350.0,0.9377777777777778,301
66,2019090610,投影仪,benq/明基,TK800M,201908,8576.92,151,360,1308936.11,258,74.65,360.0,60.0,0.0,4.0,64.0,0.9375,302
118,2019090610,投影仪,jmgo/坚果,A6,201908,2345.63,351,295,495258.6,328,83.27,244.0,624.0,18.0,24.0,666.0,0.9369369369369369,303
100,2019090610,投影仪,evieo/神画,TT-P亮黑,201908,2499.0,880,231,2455626.0300000003,219,81.79,269.0,1416.0,32.0,64.0,1512.0,0.9365079365079365,304
120,2019090610,投影仪,jmgo/坚果,C6,201908,2522.62,1880,176,4513895.05,168,82.72,251.0,1062.0,30.0,42.0,1134.0,0.9365079365079365,305
247,2019090610,投影仪,skyworth/创维,LP1803,201908,1624.0,1382,195,2448823.52,220,80.87,280.0,932.0,12.0,52.0,996.0,0.9357429718875502,306
400,2019090610,投影仪,欧擎,OSON-Q1A6,201908,418.8,10994,71,3931974.0100000002,180,88.04,147.0,7080.0,144.0,348.0,7572.0,0.9350237717908082,307
299,2019090610,投影仪,xiaomi/小米,米家激光投影4K,201908,12514.74,1213,206,13027361.680000002,88,72.71,381.0,172.0,0.0,12.0,184.0,0.9347826086956522,308
319,2019090610,投影仪,佳睿,R11S-U(腾讯授权版),201908,1749.0,641,247,1086866.52,273,85.14,197.0,628.0,8.0,36.0,672.0,0.9345238095238095,309
341,2019090610,投影仪,光米,V5,201908,2713.29,471,266,1206333.0,268,80.13,292.0,565.0,30.0,10.0,605.0,0.9338842975206612,310
116,2019090610,投影仪,jmgo/坚果,4K激光电视U1,201908,11706.69,4572,124,34255334.0,39,91.32,74.0,7255.0,145.0,370.0,7770.0,0.9337194337194337,311
355,2019090610,投影仪,大眼橙,X9,201908,4502.57,2199,163,9893600.81,109,88.81,124.0,2592.0,72.0,112.0,2776.0,0.9337175792507204,312
293,2019090610,投影仪,xbygimi/极米科技,XJ03V,201908,2314.37,5291,113,12635121.0,92,85.36,193.0,5550.0,90.0,305.0,5945.0,0.9335576114381834,313
306,2019090610,投影仪,万德成,VV20,201908,1668.0,366,290,653518.0,309,71.71,388.0,112.0,0.0,8.0,120.0,0.9333333333333333,314
252,2019090610,投影仪,sony/索尼,MP-CL1,201908,3599.0,530,255,2478141.5100000002,217,78.98,308.0,294.0,0.0,21.0,315.0,0.9333333333333333,315
314,2019090610,投影仪,亦盾,Q9,201908,2799.0,108,382,301992.0,364,69.2,404.0,56.0,0.0,4.0,60.0,0.9333333333333333,316
117,2019090610,投影仪,jmgo/坚果,4K激光电视U1（火乐）,201908,16565.67,217,329,3194560.2,196,78.35,319.0,112.0,8.0,0.0,120.0,0.9333333333333333,317
414,2019090610,投影仪,瑞视达,T1S,201908,346.8,7216,88,2809728.079999999,208,89.3,116.0,5961.0,138.0,288.0,6387.0,0.9333020197275717,318
340,2019090610,投影仪,光米,T60A,201908,1487.42,5399,110,7387949.0,129,87.58,161.0,7477.0,135.0,400.0,8012.0,0.9332251622566151,319
285,2019090610,投影仪,xbygimi/极米科技,XHAD01,201908,4386.74,47143,18,204125070.0,2,92.26,60.0,32416.0,667.0,1657.0,34740.0,0.9331030512377663,320
364,2019090610,投影仪,奥普达,.HK3G,201908,463.2,7255,87,3689664.28,187,86.1,185.0,8013.0,70.0,511.0,8594.0,0.9323946939725389,321
231,2019090610,投影仪,rigal,RD-850,201908,1508.0,265,311,83991.33,417,82.92,249.0,492.0,12.0,24.0,528.0,0.9318181818181818,322
151,2019090610,投影仪,lmix,P12,201908,1629.94,54793,13,92873230.25,9,91.19,84.0,36153.0,625.0,2045.0,38823.0,0.9312263349045669,323
298,2019090610,投影仪,xiaomi/小米,米家投影仪青春版,201908,2356.24,12322,66,29515214.5,44,86.93,167.0,2270.0,20.0,148.0,2438.0,0.9310910582444627,324
237,2019090610,投影仪,robot go,T6,201908,2749.0,728,242,2008279.23,232,82.45,257.0,945.0,14.0,56.0,1015.0,0.9310344827586207,325
394,2019090610,投影仪,微麦,M200,201908,1955.24,17383,42,33990002.87,40,92.21,61.0,24151.0,440.0,1350.0,25941.0,0.9309972630199298,326
240,2019090610,投影仪,roova,HD1200,201908,1188.0,75604,3,115104012.13000001,5,87.81,154.0,5000.0,80.0,296.0,5376.0,0.9300595238095238,327
101,2019090610,投影仪,evieo/神画,TT-P商务版,201908,2499.0,3104,142,9324659.91,117,88.65,130.0,6595.0,84.0,413.0,7092.0,0.9299210377890581,328
282,2019090610,投影仪,xbygimi/极米科技,XG09S,201908,22299.0,184,342,5289816.0,153,75.27,356.0,156.0,12.0,0.0,168.0,0.9285714285714286,329
283,2019090610,投影仪,xbygimi/极米科技,XH04A,201908,2864.97,15762,50,38625145.26,34,90.56,96.0,6635.0,88.0,424.0,7147.0,0.9283615503008256,330
377,2019090610,投影仪,小明,A62D,201908,5158.8,306,299,1228098.1600000001,267,75.63,353.0,721.0,7.0,49.0,777.0,0.9279279279279279,331
20,2019090610,投影仪,aet,M2同屏,201908,959.0,355,294,280065.0,368,78.53,316.0,256.0,12.0,8.0,276.0,0.927536231884058,332
264,2019090610,投影仪,tumetimes,TMT-K806.,201908,399.0,13815,61,7756351.269999997,125,89.03,121.0,11056.0,240.0,624.0,11920.0,0.9275167785234899,333
67,2019090610,投影仪,benq/明基,W1120,201908,5427.8,1989,170,10985076.299999999,101,83.75,228.0,1812.0,27.0,115.0,1954.0,0.9273285568065507,334
268,2019090610,投影仪,vez,E6,201908,1299.0,11443,68,14469701.809999999,79,84.47,213.0,12070.0,88.0,864.0,13022.0,0.9268929503916449,335
360,2019090610,投影仪,天猫魔屏,S 1,201908,4340.37,3001,147,12818007.979999999,90,84.11,219.0,1457.0,14.0,101.0,1572.0,0.9268447837150128,336
261,2019090610,投影仪,touchjet,XB1,201908,1888.0,453,272,1056961.2,277,83.44,237.0,266.0,0.0,21.0,287.0,0.926829268292683,337
82,2019090610,投影仪,coolux/酷乐视,X6S,201908,1293.82,2045,168,5819351.43,148,77.19,337.0,1512.0,16.0,104.0,1632.0,0.9264705882352942,338
309,2019090610,投影仪,业王,YG400,201908,499.0,1900,174,882517.4299999999,290,76.61,343.0,504.0,8.0,32.0,544.0,0.9264705882352942,339
218,2019090610,投影仪,rigal,RD-80,201908,1090.0,866,233,804107.36,295,73.62,369.0,603.0,0.0,48.0,651.0,0.9262672811059908,340
412,2019090610,投影仪,瑞视达,M3,201908,459.85,1570,185,1325994.5199999998,256,81.65,273.0,2400.0,48.0,144.0,2592.0,0.9259259259259259,341
1,2019090610,投影仪,蒂彤,M36S,201908,1949.0,1573,184,2801515.68,209,87.07,163.0,2055.0,25.0,140.0,2220.0,0.9256756756756757,342
263,2019090610,投影仪,tumetimes,TMT-1024,201908,349.0,19809,38,11897114.439999998,95,87.59,159.0,11011.0,168.0,720.0,11899.0,0.9253718799899151,343
136,2019090610,投影仪,jmgo/坚果,S1 PRO,201908,11398.8,433,278,12774036.14,91,84.93,204.0,777.0,14.0,49.0,840.0,0.925,344
239,2019090610,投影仪,robot go,X9,201908,1798.8,21890,35,32379171.59,41,87.86,150.0,13192.0,210.0,868.0,14270.0,0.9244569025928522,345
236,2019090610,投影仪,robot go,S6S,201908,2765.67,1507,189,4778813.57,161,82.85,250.0,2303.0,49.0,140.0,2492.0,0.9241573033707865,346
152,2019090610,投影仪,lmix,P15,201908,1776.15,3567,131,6183954.02,145,86.91,169.0,2680.0,30.0,190.0,2900.0,0.9241379310344827,347
300,2019090610,投影仪,ximico/西米可,H3,201908,818.67,2411,157,1820369.0899999999,239,82.52,256.0,632.0,12.0,40.0,684.0,0.9239766081871345,348
361,2019090610,投影仪,天猫魔屏,S 2,201908,4351.59,11030,70,43807480.87,26,90.65,93.0,14726.0,294.0,919.0,15939.0,0.9238973586799674,349
418,2019090610,投影仪,瑞视达,X2,201908,1612.8,1297,200,1866559.1800000002,237,86.85,172.0,2702.0,56.0,168.0,2926.0,0.9234449760765551,350
427,2019090610,投影仪,蒂彤,T1,201908,2774.0,6965,90,18675331.669999998,65,92.66,47.0,12529.0,287.0,756.0,13572.0,0.923150604185087,351
28,2019090610,投影仪,aodian/澳典,M6=,201908,1599.0,111,378,182589.0,387,58.63,430.0,84.0,0.0,7.0,91.0,0.9230769230769231,352
396,2019090610,投影仪,欢乐投,W50,201908,297.6,1189,208,355550.39,350,81.69,271.0,48.0,4.0,0.0,52.0,0.9230769230769231,353
405,2019090610,投影仪,汇趣,F12,201908,837.6,177,345,179847.6,388,72.58,383.0,96.0,0.0,8.0,104.0,0.9230769230769231,354
0,2019090610,投影仪,蒂彤,M19,201908,1438.8,38201,21,53034146.41,20,92.69,46.0,15695.0,343.0,973.0,17011.0,0.9226382928693199,355
81,2019090610,投影仪,coolux/酷乐视,V501-1,201908,1283.15,4763,120,4244631.51,178,83.81,227.0,1380.0,28.0,88.0,1496.0,0.9224598930481284,356
419,2019090610,投影仪,瑞视达,光米Q7,201908,1099.0,1059,216,1090531.0,272,77.98,326.0,690.0,6.0,54.0,750.0,0.92,357
416,2019090610,投影仪,瑞视达,T60A,201908,1499.0,968,221,1311065.0,257,81.18,278.0,1425.0,35.0,90.0,1550.0,0.9193548387096774,358
316,2019090610,投影仪,佳睿,A1.,201908,1910.89,943,224,1788772.29,240,84.44,214.0,956.0,24.0,60.0,1040.0,0.9192307692307692,359
186,2019090610,投影仪,poner saund/轰天炮,DLP-800,201908,2399.0,2413,156,5455608.84,150,83.47,236.0,2614.0,40.0,190.0,2844.0,0.9191279887482419,360
44,2019090610,投影仪,benq/明基,GS1,201908,4999.0,1264,201,6258558.0,142,77.7,330.0,875.0,7.0,70.0,952.0,0.9191176470588235,361
122,2019090610,投影仪,jmgo/坚果,D6_H,201908,4999.0,2480,155,12394921.0,94,70.17,397.0,270.0,0.0,24.0,294.0,0.9183673469387755,362
374,2019090610,投影仪,小帅,BP2102Z,201908,1999.0,5383,111,9334091.450000001,116,86.4,180.0,6167.0,98.0,455.0,6720.0,0.9177083333333333,363
269,2019090610,投影仪,vez,T9,201908,1799.0,29,424,52371.0,424,69.4,403.0,44.0,4.0,0.0,48.0,0.9166666666666666,364
320,2019090610,投影仪,佳睿,小红R11S 小银R11S,201908,1563.58,98,389,157684.54,396,77.82,329.0,88.0,0.0,8.0,96.0,0.9166666666666666,365
417,2019090610,投影仪,瑞视达,V9,201908,1079.0,1228,204,1385485.6500000001,254,78.85,311.0,1141.0,21.0,84.0,1246.0,0.9157303370786517,366
162,2019090610,投影仪,optoma/奥图码,HD260S,201908,4659.0,889,229,4881719.0,158,75.91,350.0,1128.0,40.0,64.0,1232.0,0.9155844155844156,367
381,2019090610,投影仪,当贝,DBF1,201908,4499.0,2167,165,9749333.0,110,89.43,113.0,4208.0,108.0,288.0,4604.0,0.9139878366637706,368
166,2019090610,投影仪,optoma/奥图码,I5+,201908,4499.0,115,376,748985.0,302,69.11,406.0,84.0,4.0,4.0,92.0,0.9130434782608695,369
238,2019090610,投影仪,robot go,U8,201908,1805.25,1014,219,1696067.24,241,85.06,200.0,1188.0,6.0,108.0,1302.0,0.9124423963133641,370
393,2019090610,投影仪,微麦,M101,201908,1399.0,7816,82,11485808.0,98,86.93,166.0,3899.0,70.0,308.0,4277.0,0.911620294599018,371
352,2019090610,投影仪,大眼橙,V8,201908,5499.0,178,344,704222.0,307,83.33,241.0,572.0,20.0,36.0,628.0,0.910828025477707,372
32,2019090610,投影仪,benq/明基,BH5080,201908,5378.76,110,379,591784.64,315,76.03,348.0,60.0,6.0,0.0,66.0,0.9090909090909091,373
332,2019090610,投影仪,光米,Q7,201908,1030.47,1036,218,1071494.0,276,81.2,276.0,888.0,6.0,84.0,978.0,0.9079754601226994,374
294,2019090610,投影仪,xbygimi/极米科技,XJ07P,201908,18261.77,125,368,2507496.12,216,74.48,362.0,186.0,4.0,15.0,205.0,0.9073170731707317,375
402,2019090610,投影仪,欧擎,Q1,201908,468.0,1097,212,535154.77,326,81.21,275.0,2191.0,42.0,182.0,2415.0,0.9072463768115943,376
107,2019090610,投影仪,e家乐,Q7',201908,957.6,248,315,265666.80000000005,373,76.34,345.0,116.0,8.0,4.0,128.0,0.90625,377
47,2019090610,投影仪,benq/明基,I720,201908,5899.0,2279,160,14303596.69,80,80.62,283.0,2016.0,56.0,160.0,2232.0,0.9032258064516129,378
262,2019090610,投影仪,tumetimes,T5,201908,999.0,5349,112,9250546.09,118,83.37,238.0,322.0,5.0,30.0,357.0,0.9019607843137255,379
378,2019090610,投影仪,小明,A62S,201908,3919.82,1519,188,7090843.4799999995,133,82.1,262.0,1968.0,40.0,176.0,2184.0,0.9010989010989011,380
77,2019090610,投影仪,coolux/酷乐视,S3PRO,201908,3031.5,74,405,228799.99000000002,379,68.07,411.0,72.0,8.0,0.0,80.0,0.9,381
75,2019090610,投影仪,coolux/酷乐视,R4MINI,201908,1764.0,82,395,148451.14,401,84.47,212.0,108.0,0.0,12.0,120.0,0.9,382
424,2019090610,投影仪,福满门,S202-A,201908,1499.0,159,358,266714.88,371,73.8,367.0,162.0,0.0,18.0,180.0,0.9,383
74,2019090610,投影仪,coolux/酷乐视,R4/R4S,201908,3598.8,119,373,447042.4,335,70.48,394.0,108.0,0.0,12.0,120.0,0.9,384
372,2019090610,投影仪,奥普达,OPD98,201908,1288.0,428,280,571714.0,318,72.22,387.0,252.0,4.0,24.0,280.0,0.9,385
187,2019090610,投影仪,poner saund/轰天炮,DLP-800W,201908,2384.5,1387,194,3239658.0,193,78.58,315.0,872.0,28.0,70.0,970.0,0.8989690721649485,386
8,2019090610,投影仪,acer/宏碁,H7850,201908,12952.33,155,359,2246605.0,227,78.65,313.0,308.0,14.0,21.0,343.0,0.8979591836734694,387
84,2019090610,投影仪,coolux/酷乐视,风尚,201908,3598.8,80,396,303597.19999999995,363,69.44,402.0,85.0,0.0,10.0,95.0,0.8947368421052632,388
9,2019090610,投影仪,acer/宏碁,HE-801K,201908,4008.8,1121,211,4701145.789999999,163,81.04,279.0,755.0,10.0,80.0,845.0,0.893491124260355,389
5,2019090610,投影仪,acer/宏碁,H6512BD,201908,4945.67,583,252,3029437.96,199,73.25,372.0,936.0,24.0,88.0,1048.0,0.8931297709923665,390
375,2019090610,投影仪,小帅,BP222 J,201908,1155.73,3328,136,4044381.2199999997,179,77.37,334.0,2193.0,28.0,235.0,2456.0,0.8929153094462541,391
22,2019090610,投影仪,aet,S3,201908,718.7,92,392,53277.299999999996,422,75.65,352.0,66.0,4.0,4.0,74.0,0.8918918918918919,392
391,2019090610,投影仪,微麦,M100,201908,1176.89,41173,20,63828158.87999999,17,86.29,183.0,16409.0,323.0,1688.0,18420.0,0.8908251900108578,393
139,2019090610,投影仪,jmgo/坚果,W700,201908,3345.67,460,268,1676593.89,243,73.51,370.0,342.0,0.0,42.0,384.0,0.890625,394
257,2019090610,投影仪,sony/索尼,VPL-EX570,201908,5010.85,193,340,1265058.18,263,70.88,391.0,56.0,0.0,7.0,63.0,0.8888888888888888,395
330,2019090610,投影仪,光米,M5,201908,1049.0,195,338,211835.0,382,61.58,425.0,96.0,0.0,12.0,108.0,0.8888888888888888,396
114,2019090610,投影仪,inovel/艾洛维,V75,201908,20398.8,569,254,11157462.420000004,100,79.12,304.0,693.0,35.0,56.0,784.0,0.8839285714285714,397
265,2019090610,投影仪,tumetimes,X3,201908,379.0,140,362,68659.6,420,70.77,393.0,88.0,4.0,8.0,100.0,0.88,398
14,2019090610,投影仪,acer/宏碁,X127H,201908,2599.0,102,386,267956.0,370,90.37,99.0,49.0,7.0,0.0,56.0,0.875,399
273,2019090610,投影仪,viewsonic/优派,PA502S,201908,2403.75,102,387,274584.06999999995,369,68.68,408.0,49.0,0.0,7.0,56.0,0.875,400
404,2019090610,投影仪,汇趣,F10,201908,345.6,92,391,32061.600000000002,428,62.97,424.0,28.0,0.0,4.0,32.0,0.875,401
62,2019090610,投影仪,benq/明基,RN0433,201908,2991.63,172,347,373280.60000000003,346,84.63,208.0,28.0,4.0,0.0,32.0,0.875,402
350,2019090610,投影仪,大眼橙,V1,201908,2999.0,1037,217,3039228.0,198,60.27,428.0,84.0,0.0,12.0,96.0,0.875,403
203,2019090610,投影仪,poner saund/轰天炮,M6S,201908,1832.5,250,314,462200.0,331,73.84,366.0,164.0,4.0,20.0,188.0,0.8723404255319149,404
349,2019090610,投影仪,创荣,炫舞 8000-HT,201908,4643.0,231,323,1305242.0,259,69.57,401.0,322.0,14.0,35.0,371.0,0.8679245283018868,405
289,2019090610,投影仪,xbygimi/极米科技,XJ02P,201908,14385.94,1079,214,14651037.25,78,78.31,320.0,685.0,15.0,90.0,790.0,0.8670886075949367,406
172,2019090610,投影仪,optoma/奥图码,X341,201908,3044.96,283,305,785866.5500000002,297,89.68,110.0,48.0,8.0,0.0,56.0,0.8571428571428571,407
254,2019090610,投影仪,sony/索尼,VPL-EX430,201908,3503.02,133,366,455636.34999999986,332,73.43,371.0,42.0,7.0,0.0,49.0,0.8571428571428571,408
401,2019090610,投影仪,欧擎,OSON-Q3,201908,318.33,49,420,16334.400000000001,432,64.01,422.0,24.0,0.0,4.0,28.0,0.8571428571428571,409
363,2019090610,投影仪,奥普达,.CYW300,201908,1488.0,70,408,102000.0,411,79.94,295.0,55.0,5.0,5.0,65.0,0.8461538461538461,410
159,2019090610,投影仪,nec,NP-CD3105H,201908,4999.0,113,377,567479.8,321,65.48,419.0,50.0,0.0,10.0,60.0,0.8333333333333334,411
272,2019090610,投影仪,viewsonic/优派,M6,201908,2158.8,13,432,25426.4,430,67.32,414.0,30.0,0.0,6.0,36.0,0.8333333333333334,412
188,2019090610,投影仪,poner saund/轰天炮,DLP900W,201908,2399.0,102,385,244098.0,377,59.37,429.0,25.0,5.0,0.0,30.0,0.8333333333333334,413
376,2019090610,投影仪,小明,A62C,201908,6157.11,627,248,4462719.489999999,170,69.88,400.0,432.0,32.0,56.0,520.0,0.8307692307692308,414
241,2019090610,投影仪,roova,朗曼C5升级版,201908,2398.8,14125,53,39062848.2,33,80.85,281.0,360.0,8.0,72.0,440.0,0.8181818181818182,415
270,2019090610,投影仪,vez,乐BOX,201908,1199.0,80,397,100270.0,412,68.44,409.0,91.0,0.0,21.0,112.0,0.8125,416
148,2019090610,投影仪,lg,PH450UG,201908,3797.17,168,352,761122.5899999999,298,79.1,305.0,119.0,0.0,28.0,147.0,0.8095238095238095,417
292,2019090610,投影仪,xbygimi/极米科技,XJ03D,201908,5448.09,434,277,2271806.0,226,65.13,420.0,116.0,0.0,28.0,144.0,0.8055555555555556,418
342,2019090610,投影仪,光米,V9,201908,999.0,104,384,112096.0,407,67.25,415.0,16.0,0.0,4.0,20.0,0.8,419
170,2019090610,投影仪,optoma/奥图码,UHD588,201908,5187.25,58,415,564562.2,324,78.17,322.0,16.0,4.0,0.0,20.0,0.8,420
431,2019090610,投影仪,acer/宏碁,H6531BD,201908,4172.87,78,399,328042.39,357,76.3,346.0,24.0,4.0,4.0,32.0,0.75,421
280,2019090610,投影仪,xbygimi/极米科技,G03V黑金版,201908,4094.45,488,261,1876202.0,236,61.17,426.0,70.0,7.0,28.0,105.0,0.6666666666666666,422
87,2019090610,投影仪,epson/爱普生,CB-1795F,201908,5419.4,19,431,108585.40000000001,409,72.84,376.0,12.0,6.0,0.0,18.0,0.6666666666666666,423
70,2019090610,投影仪,bondlong/邦德龙,1,201908,248.04,85,394,21083.4,431,72.84,376.0,10.0,0.0,5.0,15.0,0.6666666666666666,424
154,2019090610,投影仪,mego,G6(S高配版),201908,2199.0,77,401,175307.0,390,42.05,432.0,14.0,0.0,7.0,21.0,0.6666666666666666,425
35,2019090610,投影仪,benq/明基,E0433,201908,3673.95,246,317,935728.7,286,72.84,376.0,28.0,0.0,21.0,49.0,0.5714285714285714,426
211,2019090610,投影仪,rigal,RD--806,201908,407.17,350656,1,241001227.63,1,94.08,24.0,,,,,,427
365,2019090610,投影仪,奥普达,.OPD-96,201908,1470.23,28538,27,43215128.849999994,27,94.78,16.0,,,,,,428
108,2019090610,投影仪,e家乐,Q7..,201908,603.08,51983,15,30010922.12,42,95.39,8.0,,,,,,429
212,2019090610,投影仪,rigal,RD-602,201908,2771.77,3055,145,8473059.0,121,89.74,109.0,,,,,,430
209,2019090610,投影仪,rigal,RD--601,201908,2394.0,1886,175,4572927.76,167,83.35,239.0,,,,,,431
225,2019090610,投影仪,rigal,RD-819,201908,1662.53,165,355,265852.41000000003,372,80.24,290.0,,,,,,432
