,cid,cidname,brand,model,funcid,target,target_ratings,target_rank,target_pos,target_neu,target_neg,target_total,target_rate,target_rate_rank
796,2019070912,果冻/布丁,菲诺,YWYZD_1,3443,包装,96.31,31,68,0,0,68,1.0,1
371,2019070912,果冻/布丁,懒人爱,洛神果冻系列,3444,味道,95.36,40,46,0,0,46,1.0,1
21,2019070912,果冻/布丁,喜之郎,乳酸钙果汁果冻495G,3447,性价比,91.47,49,24,0,0,24,1.0,1
766,2019070912,果冻/布丁,安之若素,洛神花果冻,3448,功能,95.64,34,50,0,0,50,1.0,1
248,2019070912,果冻/布丁,三叔公,果冻布丁,3445,质量,91.47,97,24,0,0,24,1.0,1
581,2019070912,果冻/布丁,均畅,酵素果冻,3444,味道,91.47,82,24,0,0,24,1.0,2
540,2019070912,果冻/布丁,米嬉,酵素果冻系列,3445,质量,95.63,46,49,0,0,49,1.0,2
347,2019070912,果冻/布丁,百食驿,酵素果冻,3445,质量,95.62,47,49,0,0,49,1.0,3
229,2019070912,果冻/布丁,盛香珍,优酪果园,3445,质量,91.47,96,24,0,0,24,1.0,4
641,2019070912,果冻/布丁,旺旺,吸的冻,3445,质量,95.59,48,49,0,0,49,1.0,5
554,2019070912,果冻/布丁,纤淑,酵素果冻,3443,包装,95.46,42,47,0,0,47,1.0,2
185,2019070912,果冻/布丁,otaku/御宅女,酵素果,3445,质量,95.42,49,47,0,0,47,1.0,6
737,2019070912,果冻/布丁,chacheer/洽洽,儿童挤食果冻,3445,质量,91.47,95,24,0,0,24,1.0,7
452,2019070912,果冻/布丁,all lucky days/拉珂,酵素果冻,3444,味道,95.36,39,46,0,0,46,1.0,3
285,2019070912,果冻/布丁,都乐梦,糕点,3444,味道,91.51,81,25,0,0,25,1.0,4
936,2019070912,果冻/布丁,xtaml,玫瑰果冻,3445,质量,91.47,99,24,0,0,24,1.0,8
150,2019070912,果冻/布丁,easy fun,零卡果冻,3445,质量,95.3,52,49,0,0,49,1.0,9
17,2019070912,果冻/布丁,亲亲,果冻90G,3456,零食,95.26,4,45,0,0,45,1.0,1
509,2019070912,果冻/布丁,麦心诺,明星款果粉,3443,包装,95.26,43,45,0,0,45,1.0,3
335,2019070912,果冻/布丁,旺旺,维多粒,3447,性价比,91.68,46,25,0,0,25,1.0,2
20,2019070912,果冻/布丁,be＆cheery/百草味,芝士蛋羹176G,3445,质量,95.16,53,44,0,0,44,1.0,10
567,2019070912,果冻/布丁,好妈妈,果冻粉,3445,质量,91.73,92,25,0,0,25,1.0,11
960,2019070912,果冻/布丁,雅客,雅客心动珍礼果冻,3455,分量,91.73,4,25,0,0,25,1.0,1
130,2019070912,果冻/布丁,凯基宁,黄金百香果味果冻,3446,口感,95.05,22,43,0,0,43,1.0,1
339,2019070912,果冻/布丁,metabolic,酵素酵母果冻,3443,包装,95.05,45,43,0,0,43,1.0,4
420,2019070912,果冻/布丁,卓宜,酵素果冻,3443,包装,91.78,86,25,0,0,25,1.0,5
377,2019070912,果冻/布丁,果太郎,可吸果冻165G,3445,质量,91.78,91,25,0,0,25,1.0,12
308,2019070912,果冻/布丁,谢怡,人参果冻,3446,口感,91.78,41,25,0,0,25,1.0,2
412,2019070912,果冻/布丁,梦雨果,JSGD001,3445,质量,91.47,98,24,0,0,24,1.0,13
127,2019070912,果冻/布丁,良品铺子,米酿,3456,零食,95.78,3,51,0,0,51,1.0,2
304,2019070912,果冻/布丁,panda gifts/熊猫有礼,椰子冻,3445,质量,97.1,31,75,0,0,75,1.0,14
355,2019070912,果冻/布丁,钰盈堂,果肉果冻,3445,质量,91.01,104,23,0,0,23,1.0,15
372,2019070912,果冻/布丁,懒人爱,洛神果冻系列,3448,功能,96.94,22,71,0,0,71,1.0,2
789,2019070912,果冻/布丁,喜之郎,茶味果冻117G,3444,味道,90.63,88,22,0,0,22,1.0,5
124,2019070912,果冻/布丁,良品铺子,米酿,3446,口感,90.63,47,22,0,0,22,1.0,3
34,2019070912,果冻/布丁,都乐梦,慕斯,3443,包装,96.8,26,69,0,0,69,1.0,6
0,2019070912,果冻/布丁,slim waist/小纤腰,果冻3盒,3443,包装,90.77,95,22,0,0,22,1.0,7
881,2019070912,果冻/布丁,安之若素,洛神花酵素果冻,3447,性价比,90.77,51,22,0,0,22,1.0,3
943,2019070912,果冻/布丁,康喔,3盒酵素果冻（蓝莓味）,3444,味道,90.77,86,22,0,0,22,1.0,6
631,2019070912,果冻/布丁,小腰精,018,3446,口感,90.77,46,22,0,0,22,1.0,4
593,2019070912,果冻/布丁,百变女郎,B-秋语果冻-39,3444,味道,96.51,31,62,0,0,62,1.0,7
108,2019070912,果冻/布丁,yutior,新品臻纤果吸,3448,功能,96.42,28,61,0,0,61,1.0,3
916,2019070912,果冻/布丁,喜之郎,果肉果冻200G*6,3444,味道,96.34,33,59,0,0,59,1.0,8
201,2019070912,果冻/布丁,生和堂,雪梨枇杷膏,3448,功能,90.84,62,26,0,0,26,1.0,4
669,2019070912,果冻/布丁,川品,高端系列,3445,质量,96.27,40,58,0,0,58,1.0,16
239,2019070912,果冻/布丁,初萌,初萌酵素果冻A,3445,质量,91.13,100,23,0,0,23,1.0,17
793,2019070912,果冻/布丁,盛香珍,果冻210G,3443,包装,91.01,92,23,0,0,23,1.0,8
32,2019070912,果冻/布丁,喜之郎,草莓味果冻90克,3445,质量,91.01,103,23,0,0,23,1.0,18
146,2019070912,果冻/布丁,slim waist/小纤腰,酵素果冻系列,3446,口感,91.07,45,23,0,0,23,1.0,5
951,2019070912,果冻/布丁,懒人爱,酵素果冻2盒装,3443,包装,96.09,35,55,0,0,55,1.0,9
183,2019070912,果冻/布丁,otaku/御宅女,酵素果,3443,包装,96.07,36,55,0,0,55,1.0,10
139,2019070912,果冻/布丁,larbee/蜡笔小新,整箱果冻2100G,3445,质量,91.12,102,24,0,0,24,1.0,19
512,2019070912,果冻/布丁,麦心诺,明星款果粉,3446,口感,95.95,19,53,0,0,53,1.0,6
166,2019070912,果冻/布丁,妖秀,酵素果冻01,3446,口感,95.95,20,53,0,0,53,1.0,7
635,2019070912,果冻/布丁,拂朵,冻吃大吃,3446,口感,91.13,44,23,0,0,23,1.0,8
96,2019070912,果冻/布丁,喜之郎,果肉果冻200G*16,3445,质量,91.13,101,23,0,0,23,1.0,20
511,2019070912,果冻/布丁,麦心诺,明星款果粉,3445,质量,95.8,42,51,0,0,51,1.0,21
700,2019070912,果冻/布丁,存臻,综合果蔬,3448,功能,95.79,31,52,0,0,52,1.0,5
454,2019070912,果冻/布丁,all lucky days/拉珂,酵素果冻,3448,功能,91.78,55,25,0,0,25,1.0,6
854,2019070912,果冻/布丁,旺旺,吸吸冰,3445,质量,91.8,90,28,0,0,28,1.0,22
214,2019070912,果冻/布丁,樱桃小丸子,海藻冻,3445,质量,94.88,58,42,0,0,42,1.0,23
430,2019070912,果冻/布丁,盛香珍,荔枝果冻,3443,包装,93.82,60,34,0,0,34,1.0,11
367,2019070912,果冻/布丁,来伊份,奶酪布丁,3445,质量,94.25,66,37,0,0,37,1.0,24
392,2019070912,果冻/布丁,喜之郎,大礼包,3443,包装,92.51,78,28,0,0,28,1.0,12
729,2019070912,果冻/布丁,惠尔康,优の冻组合装,3445,质量,92.56,81,28,0,0,28,1.0,25
56,2019070912,果冻/布丁,酷语,酵素,3444,味道,92.6,64,28,0,0,28,1.0,9
963,2019070912,果冻/布丁,广元堂,SOSO酵素果冻,3445,质量,94.12,68,36,0,0,36,1.0,26
370,2019070912,果冻/布丁,懒人爱,洛神果冻系列,3443,包装,92.6,75,28,0,0,28,1.0,13
307,2019070912,果冻/布丁,谢怡,人参果冻,3444,味道,92.8,61,29,0,0,29,1.0,10
743,2019070912,果冻/布丁,来伊份,日式纸袋果冻,3443,包装,92.82,70,35,0,0,35,1.0,14
594,2019070912,果冻/布丁,百变女郎,B-秋语果冻-39,3446,口感,92.84,34,29,0,0,29,1.0,9
343,2019070912,果冻/布丁,存臻,燕窝果冻5盒装,3444,味道,93.98,49,36,0,0,36,1.0,11
877,2019070912,果冻/布丁,安之若素,洛神花酵素果冻,3443,包装,93.85,59,35,0,0,35,1.0,15
828,2019070912,果冻/布丁,lium/溜溜梅,冻心装,3445,质量,93.01,77,36,0,0,36,1.0,27
413,2019070912,果冻/布丁,梦雨果,JSGD001,3446,口感,93.82,29,34,0,0,34,1.0,10
738,2019070912,果冻/布丁,盛香珍,DRQ3包组合果冻,3443,包装,94.84,48,42,0,0,42,1.0,16
602,2019070912,果冻/布丁,夏三优,优美世界,3444,味道,93.02,58,30,0,0,30,1.0,12
2,2019070912,果冻/布丁,slim waist/小纤腰,果冻3盒,3448,功能,93.06,51,30,0,0,30,1.0,7
798,2019070912,果冻/布丁,菲诺,YWYZD_1,3445,质量,93.14,75,34,0,0,34,1.0,28
319,2019070912,果冻/布丁,expressions,蓝莓酵素果冻条,3445,质量,93.65,71,33,0,0,33,1.0,29
313,2019070912,果冻/布丁,姿然美,酵素果冻,3444,味道,93.23,57,31,0,0,31,1.0,13
817,2019070912,果冻/布丁,慕方,慕方蓝莓酵素果冻,3444,味道,93.65,53,33,0,0,33,1.0,14
143,2019070912,果冻/布丁,喜之郎,乳酸果冻360G,3445,质量,93.27,74,31,0,0,31,1.0,30
754,2019070912,果冻/布丁,芊芊佳人,酵素果冻,3448,功能,93.46,47,32,0,0,32,1.0,8
953,2019070912,果冻/布丁,懒人爱,酵素果冻2盒装,3446,口感,93.46,31,32,0,0,32,1.0,11
880,2019070912,果冻/布丁,安之若素,洛神花酵素果冻,3446,口感,93.36,33,32,0,0,32,1.0,12
444,2019070912,果冻/布丁,喜之郎,果冻90克,3443,包装,93.43,63,32,0,0,32,1.0,17
742,2019070912,果冻/布丁,喜之郎,乳酸果冻,3444,味道,93.43,56,32,0,0,32,1.0,15
764,2019070912,果冻/布丁,larbee/蜡笔小新,2.3KG果冻,3447,性价比,94.26,26,39,0,0,39,1.0,4
560,2019070912,果冻/布丁,果延嗖,果延嗖酵素果冻,3444,味道,94.3,46,37,0,0,37,1.0,16
1,2019070912,果冻/布丁,slim waist/小纤腰,果冻3盒,3444,味道,94.3,45,37,0,0,37,1.0,17
155,2019070912,果冻/布丁,喜之郎,乳酸果冻360G*5袋,3445,质量,94.3,65,37,0,0,37,1.0,31
464,2019070912,果冻/布丁,moca-king/摩咔金,乳酸菌布丁500G,3446,口感,91.81,40,27,0,0,27,1.0,13
373,2019070912,果冻/布丁,果爱,什锦果冻,3443,包装,94.74,49,41,0,0,41,1.0,18
72,2019070912,果冻/布丁,慕诗,烧仙草,3455,分量,94.73,1,43,0,0,43,1.0,2
918,2019070912,果冻/布丁,喜之郎,果肉果冻200G*6,3447,性价比,94.7,20,40,0,0,40,1.0,5
485,2019070912,果冻/布丁,喜之郎,200G,3445,质量,91.86,89,27,0,0,27,1.0,32
858,2019070912,果冻/布丁,喜之郎,散装果冻,3445,质量,94.68,59,40,0,0,40,1.0,33
432,2019070912,果冻/布丁,盛香珍,荔枝果冻,3445,质量,91.95,88,28,0,0,28,1.0,34
337,2019070912,果冻/布丁,一定畅,果味型果冻,3448,功能,94.59,41,41,0,0,41,1.0,9
912,2019070912,果冻/布丁,喜之郎,CICI果粒爽,3445,质量,91.98,87,26,0,0,26,1.0,35
821,2019070912,果冻/布丁,百变女郎,洛神花-39,3446,口感,94.57,23,39,0,0,39,1.0,14
795,2019070912,果冻/布丁,盛香珍,果冻210G,3445,质量,92.08,86,26,0,0,26,1.0,36
55,2019070912,果冻/布丁,酷语,酵素,3443,包装,92.08,83,26,0,0,26,1.0,19
36,2019070912,果冻/布丁,都乐梦,慕斯,3445,质量,94.5,60,40,0,0,40,1.0,37
9,2019070912,果冻/布丁,优洽,蓝莓果冻,3446,口感,92.08,38,26,0,0,26,1.0,15
562,2019070912,果冻/布丁,果延嗖,果延嗖酵素果冻,3446,口感,92.08,37,26,0,0,26,1.0,16
204,2019070912,果冻/布丁,生和堂,雪梨枇杷膏,3456,零食,92.11,7,27,0,0,27,1.0,3
353,2019070912,果冻/布丁,钰盈堂,果肉果冻,3443,包装,94.48,50,39,0,0,39,1.0,20
904,2019070912,果冻/布丁,喜之郎,什锦果冻360G*2袋 乳酸味儿童布丁零食小吃休闲食品大礼包,3445,质量,94.46,61,39,0,0,39,1.0,38
852,2019070912,果冻/布丁,旺旺,吸吸冰,3443,包装,92.28,82,29,0,0,29,1.0,21
819,2019070912,果冻/布丁,百变女郎,洛神花-39,3443,包装,94.44,51,38,0,0,38,1.0,22
356,2019070912,果冻/布丁,钰盈堂,果肉果冻,3446,口感,92.29,36,28,0,0,28,1.0,17
311,2019070912,果冻/布丁,christine/克莉丝汀,套装,3445,质量,92.3,82,27,0,0,27,1.0,39
841,2019070912,果冻/布丁,喜之郎,果冻360G*5袋,3455,分量,92.3,3,27,0,0,27,1.0,3
582,2019070912,果冻/布丁,均畅,酵素果冻,3446,口感,92.35,35,27,0,0,27,1.0,18
845,2019070912,果冻/布丁,达心堂,酵素果冻,3443,包装,92.35,80,27,0,0,27,1.0,23
538,2019070912,果冻/布丁,米嬉,酵素果冻系列,3443,包装,97.03,22,73,0,0,73,1.0,24
850,2019070912,果冻/布丁,樱桃小丸子,鸡蛋布丁果冻,3443,包装,93.43,64,32,0,0,32,1.0,25
595,2019070912,果冻/布丁,百变女郎,B-秋语果冻-39,3448,功能,97.84,15,102,0,0,102,1.0,10
5,2019070912,果冻/布丁,喜之郎,蜜桔果肉果冻990G*2袋,3445,质量,98.37,10,136,0,0,136,1.0,40
762,2019070912,果冻/布丁,喜之郎,果汁果冻/乳酸果冻495G*4袋,3445,质量,90.57,107,22,0,0,22,1.0,41
803,2019070912,果冻/布丁,call me queen/叫我女王,洛神花果冻,3445,质量,97.59,21,91,0,0,91,1.0,42
368,2019070912,果冻/布丁,来伊份,奶酪布丁,3446,口感,90.43,49,22,0,0,22,1.0,19
423,2019070912,果冻/布丁,乖乖瘦,酵素果冻,3443,包装,98.31,10,130,0,0,130,1.0,26
49,2019070912,果冻/布丁,贝兴,贝兴 益生菌粉 1.5G/袋*10袋*2盒套餐,3446,口感,98.85,4,192,0,0,192,1.0,20
223,2019070912,果冻/布丁,喜之郎,苹果味果冻,3445,质量,97.55,23,89,0,0,89,1.0,43
969,2019070912,果冻/布丁,梦美颜,酵素果冻,3444,味道,97.27,26,80,0,0,80,1.0,18
719,2019070912,果冻/布丁,喜之郎,CICI可吸果冻750G*3袋组合,3445,质量,98.29,11,129,0,0,129,1.0,44
552,2019070912,果冻/布丁,苏晴子,CM520,3451,排毒效果,90.37,4,21,0,0,21,1.0,1
790,2019070912,果冻/布丁,杏花楼,冻冻果,3443,包装,90.37,97,21,0,0,21,1.0,27
879,2019070912,果冻/布丁,安之若素,洛神花酵素果冻,3445,质量,90.5,109,22,0,0,22,1.0,45
315,2019070912,果冻/布丁,盛香珍,蒟蒻果冻,3443,包装,90.3,98,21,0,0,21,1.0,28
670,2019070912,果冻/布丁,川品,高端系列,3446,口感,98.75,7,178,0,0,178,1.0,21
721,2019070912,果冻/布丁,网易严选,1108028,3443,包装,98.67,7,166,0,0,166,1.0,29
663,2019070912,果冻/布丁,chacheer/洽洽,混合果冻-糖果装,3445,质量,97.34,26,83,0,0,83,1.0,46
530,2019070912,果冻/布丁,菲诺,椰子冻,3443,包装,97.59,15,92,0,0,92,1.0,30
825,2019070912,果冻/布丁,clever mama/巧妈妈,奶酪布丁,3447,性价比,90.37,54,21,0,0,21,1.0,6
745,2019070912,果冻/布丁,福慕堂,酵素果冻,3443,包装,98.17,13,120,0,0,120,1.0,31
46,2019070912,果冻/布丁,贝兴,贝兴 益生菌粉 1.5G/袋*10袋*2盒套餐,3443,包装,99.4,1,368,0,0,368,1.0,32
163,2019070912,果冻/布丁,平野,80G,3445,质量,97.75,18,98,0,0,98,1.0,47
694,2019070912,果冻/布丁,苏晴子,CM7005,3445,质量,97.74,19,97,0,0,97,1.0,48
129,2019070912,果冻/布丁,凯基宁,黄金百香果味果冻,3444,味道,97.87,19,103,0,0,103,1.0,19
572,2019070912,果冻/布丁,cocon/可康,多口味果冻 含椰果 480G,3453,果肉,90.37,3,21,0,0,21,1.0,1
302,2019070912,果冻/布丁,panda gifts/熊猫有礼,椰子冻,3443,包装,97.14,20,77,0,0,77,1.0,33
89,2019070912,果冻/布丁,麦心诺,明星款果冻,3446,口感,99.13,2,256,0,0,256,1.0,22
336,2019070912,果冻/布丁,一定畅,果味型果冻,3444,味道,89.76,100,21,0,0,21,1.0,20
501,2019070912,果冻/布丁,clever mama/巧妈妈,鸡蛋布甸,3445,质量,97.7,20,95,0,0,95,1.0,49
238,2019070912,果冻/布丁,初萌,初萌酵素果冻A,3444,味道,97.98,16,109,0,0,109,1.0,21
453,2019070912,果冻/布丁,all lucky days/拉珂,酵素果冻,3446,口感,90.37,50,21,0,0,21,1.0,23
494,2019070912,果冻/布丁,花匙,洛神花酵素果冻,3446,口感,89.47,53,23,0,0,23,1.0,24
357,2019070912,果冻/布丁,钰盈堂,果肉果冻,3448,功能,98.07,13,115,0,0,115,1.0,11
882,2019070912,果冻/布丁,安之若素,洛神花酵素果冻,3448,功能,98.16,12,120,0,0,120,1.0,12
893,2019070912,果冻/布丁,munwaving/美飘飘,酵素果冻盒装,3446,口感,99.61,1,1039,1,1,1041,0.9980787704130644,25
672,2019070912,果冻/布丁,川品,高端系列,3448,功能,98.92,6,341,0,1,342,0.9970760233918129,13
668,2019070912,果冻/布丁,川品,高端系列,3444,味道,98.77,5,321,0,1,322,0.9968944099378882,22
158,2019070912,果冻/布丁,旺旺,蒟篛果冻,3445,质量,98.7,5,306,0,1,307,0.996742671009772,50
205,2019070912,果冻/布丁,乖乖瘦,1盒蓝莓果冻,3443,包装,98.96,4,526,0,2,528,0.9962121212121212,34
86,2019070912,果冻/布丁,麦心诺,明星款果冻,3443,包装,99.15,2,262,1,0,263,0.9961977186311787,35
890,2019070912,果冻/布丁,munwaving/美飘飘,酵素果冻盒装,3443,包装,99.02,3,717,0,3,720,0.9958333333333333,36
320,2019070912,果冻/布丁,expressions,蓝莓酵素果冻条,3446,口感,98.31,10,233,0,1,234,0.9957264957264957,26
514,2019070912,果冻/布丁,麦心诺,明星款果粉,3448,功能,98.22,11,220,0,1,221,0.995475113122172,14
489,2019070912,果冻/布丁,喜之郎,果冻200G*10,3445,质量,98.86,3,196,1,0,197,0.9949238578680203,51
549,2019070912,果冻/布丁,苏晴子,CM520,3446,口感,98.54,9,374,0,2,376,0.9946808510638298,27
379,2019070912,果冻/布丁,百变女郎,A果冻,3444,味道,97.89,18,186,0,1,187,0.9946524064171123,23
518,2019070912,果冻/布丁,小腰精,酵素果冻,3446,口感,98.75,6,557,0,3,560,0.9946428571428572,28
255,2019070912,果冻/布丁,call me queen/叫我女王,胶原蛋白/洛神花/燕窝果冻,3446,口感,98.8,5,686,0,4,690,0.9942028985507246,29
198,2019070912,果冻/布丁,生和堂,雪梨枇杷膏,3445,质量,98.99,2,1343,0,8,1351,0.9940784603997039,52
91,2019070912,果冻/布丁,麦心诺,明星款果冻,3448,功能,99.01,5,834,1,4,839,0.9940405244338498,15
891,2019070912,果冻/布丁,munwaving/美飘飘,酵素果冻盒装,3444,味道,99.09,2,1332,1,7,1340,0.9940298507462687,24
87,2019070912,果冻/布丁,麦心诺,明星款果冻,3444,味道,98.81,4,332,1,1,334,0.9940119760479041,25
802,2019070912,果冻/布丁,call me queen/叫我女王,洛神花果冻,3444,味道,99.38,1,637,3,1,641,0.9937597503900156,26
926,2019070912,果冻/布丁,乖乖瘦,益生菌果冻,3444,味道,98.29,11,318,0,2,320,0.99375,27
804,2019070912,果冻/布丁,call me queen/叫我女王,洛神花果冻,3446,口感,98.74,8,315,1,1,317,0.9936908517350158,30
88,2019070912,果冻/布丁,麦心诺,明星款果冻,3445,质量,98.57,6,154,1,0,155,0.9935483870967742,53
539,2019070912,果冻/布丁,米嬉,酵素果冻系列,3444,味道,98.57,9,154,1,0,155,0.9935483870967742,28
499,2019070912,果冻/布丁,clever mama/巧妈妈,鸡蛋布甸,3443,包装,98.22,11,306,0,2,308,0.9935064935064936,37
667,2019070912,果冻/布丁,川品,高端系列,3443,包装,98.48,8,146,1,0,147,0.9931972789115646,38
676,2019070912,果冻/布丁,良品铺子,日式纸袋果冻,3445,质量,98.48,7,438,0,3,441,0.9931972789115646,54
318,2019070912,果冻/布丁,expressions,蓝莓酵素果冻条,3444,味道,98.58,8,583,0,4,587,0.9931856899488927,29
710,2019070912,果冻/布丁,喜之郎,果冻90G*30 整箱,3445,质量,97.3,27,145,0,1,146,0.9931506849315068,55
253,2019070912,果冻/布丁,call me queen/叫我女王,胶原蛋白/洛神花/燕窝果冻,3444,味道,98.94,3,1500,1,10,1511,0.9927200529450695,30
548,2019070912,果冻/布丁,苏晴子,CM520,3445,质量,97.12,30,135,0,1,136,0.9926470588235294,56
592,2019070912,果冻/布丁,良品铺子,椰果布丁720G,3456,零食,98.52,1,266,1,1,268,0.9925373134328358,4
599,2019070912,果冻/布丁,喜之郎,乳酸什锦果冻360G*5袋,3445,质量,97.02,32,132,0,1,133,0.9924812030075187,57
411,2019070912,果冻/布丁,梦雨果,JSGD001,3444,味道,96.9,27,126,0,1,127,0.9921259842519685,31
962,2019070912,果冻/布丁,广元堂,SOSO酵素果冻,3444,味道,97.81,21,248,0,2,250,0.992,32
48,2019070912,果冻/布丁,贝兴,贝兴 益生菌粉 1.5G/袋*10袋*2盒套餐,3445,质量,99.09,1,245,2,0,247,0.9919028340080972,58
928,2019070912,果冻/布丁,乖乖瘦,益生菌果冻,3446,口感,96.82,14,122,0,1,123,0.991869918699187,31
196,2019070912,果冻/布丁,生和堂,雪梨枇杷膏,3443,包装,98.9,5,974,2,6,982,0.9918533604887984,39
814,2019070912,果冻/布丁,喜之郎,香橙味果冻90克,3445,质量,96.72,36,118,0,1,119,0.9915966386554622,59
541,2019070912,果冻/布丁,米嬉,酵素果冻系列,3446,口感,96.66,15,116,0,1,117,0.9914529914529915,32
892,2019070912,果冻/布丁,munwaving/美飘飘,酵素果冻盒装,3445,质量,98.4,8,347,1,2,350,0.9914285714285714,60
543,2019070912,果冻/布丁,米嬉,酵素果冻系列,3448,功能,99.36,2,347,3,0,350,0.9914285714285714,16
181,2019070912,果冻/布丁,喜之郎,150G/包,3445,质量,96.32,38,105,0,1,106,0.9905660377358491,61
325,2019070912,果冻/布丁,expressions,胶原蛋白果冻,3443,包装,98.36,9,418,1,3,422,0.990521327014218,40
8,2019070912,果冻/布丁,优洽,蓝莓果冻,3444,味道,97.87,20,103,1,0,104,0.9903846153846154,33
51,2019070912,果冻/布丁,贝兴,贝兴 益生菌粉 1.5G/袋*10袋*2盒套餐,3448,功能,99.64,1,1930,16,3,1949,0.9902514109799897,17
952,2019070912,果冻/布丁,懒人爱,酵素果冻2盒装,3444,味道,95.97,34,96,0,1,97,0.9896907216494846,34
510,2019070912,果冻/布丁,麦心诺,明星款果粉,3444,味道,97.7,23,95,1,0,96,0.9895833333333334,35
734,2019070912,果冻/布丁,净尔氏,酵素果冻,3448,功能,97.67,16,94,1,0,95,0.9894736842105263,18
175,2019070912,果冻/布丁,优洽,酵素果冻,3446,口感,97.08,13,185,0,2,187,0.9893048128342246,33
833,2019070912,果冻/布丁,韩乐,韩乐优酪果冻2KG,3445,质量,96.97,33,178,0,2,180,0.9888888888888889,62
474,2019070912,果冻/布丁,优洽,SOSO果冻,3445,质量,96.94,34,177,0,2,179,0.9888268156424581,63
294,2019070912,果冻/布丁,冠品园,胶原酵素果冻,3448,功能,97.44,20,265,0,3,268,0.9888059701492538,19
289,2019070912,果冻/布丁,冠品园,胶原酵素果冻,3443,包装,97.77,14,175,1,1,177,0.9887005649717514,41
839,2019070912,果冻/布丁,喜之郎,果冻360G*5袋,3445,质量,97.43,25,86,1,0,87,0.9885057471264368,64
69,2019070912,果冻/布丁,慕诗,烧仙草,3445,质量,95.77,43,86,0,1,87,0.9885057471264368,65
806,2019070912,果冻/布丁,call me queen/叫我女王,洛神花果冻,3448,功能,99.05,4,1283,8,7,1298,0.9884437596302003,20
70,2019070912,果冻/布丁,慕诗,烧仙草,3446,口感,97.82,11,171,1,1,173,0.9884393063583815,34
547,2019070912,果冻/布丁,苏晴子,CM520,3444,味道,98.71,7,937,4,7,948,0.9883966244725738,36
380,2019070912,果冻/布丁,百变女郎,A果冻,3446,口感,95.33,21,82,0,1,83,0.9879518072289156,35
516,2019070912,果冻/布丁,小腰精,酵素果冻,3444,味道,98.73,6,1062,5,8,1075,0.987906976744186,37
776,2019070912,果冻/布丁,cocon/可康,椰纤果肉果冻,3445,质量,97.46,24,325,0,4,329,0.9878419452887538,66
327,2019070912,果冻/布丁,expressions,胶原蛋白果冻,3445,质量,98.38,9,242,2,1,245,0.9877551020408163,67
378,2019070912,果冻/布丁,百变女郎,A果冻,3443,包装,95.22,44,80,0,1,81,0.9876543209876543,42
41,2019070912,果冻/布丁,sx/世熙堂,酵素果冻,3445,质量,95.15,54,79,0,1,80,0.9875,68
878,2019070912,果冻/布丁,安之若素,洛神花酵素果冻,3444,味道,95.0,41,77,0,1,78,0.9871794871794872,38
131,2019070912,果冻/布丁,凯基宁,黄金百香果味果冻,3448,功能,97.45,19,153,1,1,155,0.9870967741935484,21
523,2019070912,果冻/布丁,小腰精,酵素果冻,3451,排毒效果,95.28,2,76,0,1,77,0.987012987012987,2
627,2019070912,果冻/布丁,百变女郎,玫瑰茄-帅洋--39,3448,功能,97.14,21,76,1,0,77,0.987012987012987,22
244,2019070912,果冻/布丁,喜之郎,蜜桔果肉果冻大袋 990G/袋,3445,质量,94.96,56,76,0,1,77,0.987012987012987,69
774,2019070912,果冻/布丁,cocon/可康,椰纤果肉果冻,3443,包装,97.22,19,296,0,4,300,0.9866666666666667,43
254,2019070912,果冻/布丁,call me queen/叫我女王,胶原蛋白/洛神花/燕窝果冻,3445,质量,98.22,12,222,2,1,225,0.9866666666666667,70
265,2019070912,果冻/布丁,moca-king/摩咔金,舞动吧组合250G*3盒,3443,包装,98.72,6,885,5,7,897,0.9866220735785953,44
398,2019070912,果冻/布丁,爱飘飘,酵素果冻果粉,3446,口感,98.91,3,1836,11,14,1861,0.9865663621708759,36
326,2019070912,果冻/布丁,expressions,胶原蛋白果冻,3444,味道,98.26,12,1450,2,18,1470,0.9863945578231292,39
515,2019070912,果冻/布丁,小腰精,酵素果冻,3443,包装,97.42,17,360,0,5,365,0.9863013698630136,45
267,2019070912,果冻/布丁,moca-king/摩咔金,舞动吧组合250G*3盒,3445,质量,98.13,13,356,2,3,361,0.9861495844875346,71
955,2019070912,果冻/布丁,雅客,雅客心动珍礼果冻,3443,包装,96.2,33,141,0,2,143,0.986013986013986,46
520,2019070912,果冻/布丁,小腰精,酵素果冻,3448,功能,98.76,8,2890,15,27,2932,0.985675306957708,23
587,2019070912,果冻/布丁,良品铺子,椰果布丁720G,3445,质量,97.58,22,481,0,7,488,0.985655737704918,72
870,2019070912,果冻/布丁,秀尔魅,酵素果冻蓝莓味道,3445,质量,94.35,63,68,0,1,69,0.9855072463768116,73
747,2019070912,果冻/布丁,福慕堂,酵素果冻,3445,质量,96.81,35,68,1,0,69,0.9855072463768116,74
611,2019070912,果冻/布丁,喜之郎,蜜桔果肉果冻散500G,3443,包装,94.34,52,67,0,1,68,0.9852941176470589,47
728,2019070912,果冻/布丁,惠尔康,优の冻组合装,3444,味道,94.31,44,67,0,1,68,0.9852941176470589,40
750,2019070912,果冻/布丁,福慕堂,酵素果冻,3448,功能,96.62,27,200,0,3,203,0.9852216748768473,24
252,2019070912,果冻/布丁,call me queen/叫我女王,胶原蛋白/洛神花/燕窝果冻,3443,包装,97.31,18,399,0,6,405,0.9851851851851852,48
930,2019070912,果冻/布丁,乖乖瘦,益生菌果冻,3448,功能,97.53,18,331,1,4,336,0.9851190476190477,25
971,2019070912,果冻/布丁,梦美颜,酵素果冻,3448,功能,95.96,29,132,0,2,134,0.9850746268656716,26
354,2019070912,果冻/布丁,钰盈堂,果肉果冻,3444,味道,94.2,47,66,0,1,67,0.9850746268656716,41
113,2019070912,果冻/布丁,larbee/蜡笔小新,鲜Q果冻爽150G*8包,3445,质量,97.97,15,193,2,1,196,0.9846938775510204,75
134,2019070912,果冻/布丁,orihiro/欧力喜乐,果汁蒟蒻可吸果冻,3445,质量,97.15,29,193,1,2,196,0.9846938775510204,76
257,2019070912,果冻/布丁,call me queen/叫我女王,胶原蛋白/洛神花/燕窝果冻,3448,功能,98.55,9,2850,13,32,2895,0.9844559585492227,27
715,2019070912,果冻/布丁,徐福记,小叭叭 益起C,3445,质量,93.83,70,63,0,1,64,0.984375,77
748,2019070912,果冻/布丁,福慕堂,酵素果冻,3446,口感,94.0,28,63,0,1,64,0.984375,37
165,2019070912,果冻/布丁,妖秀,酵素果冻01,3444,味道,98.25,13,126,2,0,128,0.984375,42
10,2019070912,果冻/布丁,优洽,蓝莓果冻,3448,功能,95.77,32,126,0,2,128,0.984375,28
67,2019070912,果冻/布丁,慕诗,烧仙草,3443,包装,95.64,39,125,0,2,127,0.984251968503937,49
685,2019070912,果冻/布丁,three squirrels/三只松鼠,牛奶冻,3445,质量,97.82,17,499,2,6,507,0.9842209072978304,78
632,2019070912,果冻/布丁,小腰精,018,3448,功能,96.82,23,123,1,1,125,0.984,29
957,2019070912,果冻/布丁,雅客,雅客心动珍礼果冻,3445,质量,95.66,44,123,0,2,125,0.984,79
107,2019070912,果冻/布丁,yutior,新品臻纤果吸,3444,味道,96.37,32,61,1,0,62,0.9838709677419355,43
263,2019070912,果冻/布丁,百变女郎,帅洋-果味-29,3448,功能,95.58,35,120,0,2,122,0.9836065573770492,30
243,2019070912,果冻/布丁,喜之郎,蜜桔果肉果冻大袋 990G/袋,3444,味道,98.13,14,118,2,0,120,0.9833333333333333,44
280,2019070912,果冻/布丁,存臻,酵素果冻组合,3444,味道,98.11,15,118,2,0,120,0.9833333333333333,45
661,2019070912,果冻/布丁,chacheer/洽洽,混合果冻-糖果装,3443,包装,96.73,28,292,0,5,297,0.9831649831649831,50
328,2019070912,果冻/布丁,expressions,胶原蛋白果冻,3446,口感,97.76,12,753,2,11,766,0.9830287206266318,38
290,2019070912,果冻/布丁,冠品园,胶原酵素果冻,3444,味道,97.66,25,231,2,2,235,0.9829787234042553,46
206,2019070912,果冻/布丁,乖乖瘦,1盒蓝莓果冻,3444,味道,97.9,17,632,3,8,643,0.9828926905132193,47
768,2019070912,果冻/布丁,菲诺,YZD02,3443,包装,96.91,23,343,0,6,349,0.9828080229226361,51
970,2019070912,果冻/布丁,梦美颜,酵素果冻,3446,口感,93.38,32,57,0,1,58,0.9827586206896551,39
330,2019070912,果冻/布丁,expressions,胶原蛋白果冻,3448,功能,97.94,14,398,3,4,405,0.9827160493827161,31
118,2019070912,果冻/布丁,盛香珍,优酪果园果冻1000G,3445,质量,93.27,73,56,0,1,57,0.9824561403508771,80
801,2019070912,果冻/布丁,call me queen/叫我女王,洛神花果冻,3443,包装,97.56,16,222,2,2,226,0.9823008849557522,52
780,2019070912,果冻/布丁,喜之郎,果冻90G,3445,质量,97.94,16,107,2,0,109,0.981651376146789,81
822,2019070912,果冻/布丁,百变女郎,洛神花-39,3448,功能,96.64,25,160,1,2,163,0.9815950920245399,32
273,2019070912,果冻/布丁,佳达,拖肥,3445,质量,97.19,28,426,1,7,434,0.9815668202764977,82
346,2019070912,果冻/布丁,百食驿,酵素果冻,3444,味道,96.8,29,213,1,3,217,0.9815668202764977,48
496,2019070912,果冻/布丁,淘吉,慕斯果冻,3443,包装,92.91,68,53,0,1,54,0.9814814814814815,53
247,2019070912,果冻/布丁,三叔公,果冻布丁,3444,味道,92.91,60,53,0,1,54,0.9814814814814815,49
565,2019070912,果冻/布丁,tarami,零卡组合,3443,包装,92.8,71,52,0,1,53,0.9811320754716981,54
99,2019070912,果冻/布丁,喜之郎,果粒爽258ML*8,3444,味道,92.78,62,52,0,1,53,0.9811320754716981,50
400,2019070912,果冻/布丁,爱飘飘,酵素果冻果粉,3448,功能,98.9,7,13415,136,130,13681,0.9805569768291792,33
576,2019070912,果冻/布丁,御食园,果冻爽,3445,质量,94.95,57,100,0,2,102,0.9803921568627451,83
61,2019070912,果冻/布丁,喜之郎,蜜桔果肉果冻散称500G,3443,包装,92.91,69,50,0,1,51,0.9803921568627451,55
695,2019070912,果冻/布丁,苏晴子,CM7005,3446,口感,96.23,17,249,0,5,254,0.9803149606299213,40
121,2019070912,果冻/布丁,良品铺子,米酿,3443,包装,96.78,27,295,1,5,301,0.9800664451827242,56
693,2019070912,果冻/布丁,苏晴子,CM7005,3444,味道,97.75,22,589,4,8,601,0.9800332778702163,51
733,2019070912,果冻/布丁,净尔氏,酵素果冻,3444,味道,92.39,67,49,0,1,50,0.98,52
237,2019070912,果冻/布丁,初萌,初萌酵素果冻A,3443,包装,92.37,79,49,0,1,50,0.98,57
18,2019070912,果冻/布丁,be＆cheery/百草味,芝士蛋羹176G,3443,包装,92.29,81,49,0,1,50,0.98,58
172,2019070912,果冻/布丁,优洽,酵素果冻,3443,包装,96.53,30,195,1,3,199,0.9798994974874372,59
192,2019070912,果冻/布丁,clever mama/巧妈妈,乳酸菌布丁,3445,质量,92.19,83,48,0,1,49,0.9795918367346939,84
292,2019070912,果冻/布丁,冠品园,胶原酵素果冻,3446,口感,94.51,24,96,0,2,98,0.9795918367346939,41
472,2019070912,果冻/布丁,优洽,SOSO果冻,3443,包装,96.28,32,287,0,6,293,0.9795221843003413,60
361,2019070912,果冻/布丁,tarami,蒟蒻组合,3445,质量,92.09,84,47,0,1,48,0.9791666666666666,85
758,2019070912,果冻/布丁,佰思宜,圣诞节礼包,3446,口感,91.95,39,47,0,1,48,0.9791666666666666,42
167,2019070912,果冻/布丁,妖秀,酵素果冻01,3448,功能,95.71,33,187,0,4,191,0.9790575916230366,34
208,2019070912,果冻/布丁,乖乖瘦,1盒蓝莓果冻,3446,口感,96.0,18,233,0,5,238,0.9789915966386554,43
475,2019070912,果冻/布丁,优洽,SOSO果冻,3446,口感,96.5,16,233,1,4,238,0.9789915966386554,44
915,2019070912,果冻/布丁,喜之郎,果肉果冻200G*6,3443,包装,97.08,21,232,2,3,237,0.9789029535864979,61
77,2019070912,果冻/布丁,clever mama/巧妈妈,鸡蛋布甸实惠装750G,3445,质量,95.65,45,185,0,4,189,0.9788359788359788,86
888,2019070912,果冻/布丁,esthe pro labo,胶原蛋白果冻,3448,功能,97.6,17,92,2,0,94,0.9787234042553191,35
558,2019070912,果冻/布丁,纤淑,酵素果冻,3448,功能,94.29,46,92,0,2,94,0.9787234042553191,36
382,2019070912,果冻/布丁,百变女郎,A果冻,3448,功能,98.34,10,412,6,3,421,0.9786223277909739,37
217,2019070912,果冻/布丁,樱桃小丸子,樱桃小丸子,3445,质量,94.22,67,91,0,2,93,0.978494623655914,87
757,2019070912,果冻/布丁,佰思宜,圣诞节礼包,3445,质量,91.7,93,45,0,1,46,0.9782608695652174,88
613,2019070912,果冻/布丁,o’best bakery/欧贝司,1,3443,包装,91.76,87,45,0,1,46,0.9782608695652174,62
532,2019070912,果冻/布丁,菲诺,椰子冻,3445,质量,91.64,94,45,0,1,46,0.9782608695652174,89
422,2019070912,果冻/布丁,卓宜,酵素果冻,3448,功能,91.76,56,45,0,1,46,0.9782608695652174,38
221,2019070912,果冻/布丁,喜之郎,苹果味果冻,3443,包装,94.05,57,88,0,2,90,0.9777777777777777,63
291,2019070912,果冻/布丁,冠品园,胶原酵素果冻,3445,质量,93.98,69,87,0,2,89,0.9775280898876404,90
755,2019070912,果冻/布丁,佰思宜,圣诞节礼包,3443,包装,96.1,34,173,1,3,177,0.9774011299435028,64
753,2019070912,果冻/布丁,完美森林,果味果冻,3448,功能,91.31,58,43,0,1,44,0.9772727272727273,39
348,2019070912,果冻/布丁,百食驿,酵素果冻,3446,口感,93.79,30,85,0,2,87,0.9770114942528736,45
47,2019070912,果冻/布丁,贝兴,贝兴 益生菌粉 1.5G/袋*10袋*2盒套餐,3444,味道,96.85,28,339,2,6,347,0.9769452449567724,53
147,2019070912,果冻/布丁,slim waist/小纤腰,酵素果冻系列,3448,功能,91.18,59,42,0,1,43,0.9767441860465116,40
30,2019070912,果冻/布丁,three squirrels/三只松鼠,垦丁的晚霞果味果冻360G,3456,零食,94.94,5,42,1,0,43,0.9767441860465116,5
395,2019070912,果冻/布丁,爱飘飘,酵素果冻果粉,3443,包装,98.2,12,3367,32,50,3449,0.9762249927515222,65
212,2019070912,果冻/布丁,樱桃小丸子,海藻冻,3443,包装,93.41,65,81,0,2,83,0.9759036144578314,66
626,2019070912,果冻/布丁,百变女郎,玫瑰茄-帅洋--39,3444,味道,90.81,85,40,0,1,41,0.975609756097561,54
550,2019070912,果冻/布丁,苏晴子,CM520,3447,性价比,97.53,4,158,3,1,162,0.9753086419753086,7
68,2019070912,果冻/布丁,慕诗,烧仙草,3444,味道,96.71,30,394,2,8,404,0.9752475247524752,55
537,2019070912,果冻/布丁,喜之郎,沾粉果冻117G*16桶整箱,3444,味道,90.6,89,39,0,1,40,0.975,56
171,2019070912,果冻/布丁,惠尔康,吸冻,3445,质量,90.48,110,39,0,1,40,0.975,91
457,2019070912,果冻/布丁,maizhao/唛兆,阿Q果冻,3445,质量,90.72,105,39,0,1,40,0.975,92
847,2019070912,果冻/布丁,达心堂,酵素果冻,3446,口感,90.56,48,39,0,1,40,0.975,46
964,2019070912,果冻/布丁,广元堂,SOSO酵素果冻,3446,口感,94.32,25,117,0,3,120,0.975,47
24,2019070912,果冻/布丁,three squirrels/三只松鼠,垦丁的晚霞果味果冻360G,3445,质量,96.53,37,272,2,5,279,0.974910394265233,93
605,2019070912,果冻/布丁,clever mama/巧妈妈,老酸奶布丁,3443,包装,95.64,40,155,1,3,159,0.9748427672955975,67
396,2019070912,果冻/布丁,爱飘飘,酵素果冻果粉,3444,味道,98.53,10,3545,51,42,3638,0.974436503573392,57
123,2019070912,果冻/布丁,良品铺子,米酿,3445,质量,98.06,14,343,6,3,352,0.9744318181818182,94
37,2019070912,果冻/布丁,都乐梦,慕斯,3446,口感,94.0,27,38,1,0,39,0.9743589743589743,48
542,2019070912,果冻/布丁,米嬉,酵素果冻系列,3447,性价比,94.44,25,38,1,0,39,0.9743589743589743,8
58,2019070912,果冻/布丁,酷语,酵素,3448,功能,93.16,50,76,0,2,78,0.9743589743589743,41
173,2019070912,果冻/布丁,优洽,酵素果冻,3444,味道,97.67,24,519,7,7,533,0.9737335834896811,58
557,2019070912,果冻/布丁,纤淑,酵素果冻,3446,口感,90.13,51,37,0,1,38,0.9736842105263158,49
917,2019070912,果冻/布丁,喜之郎,果肉果冻200G*6,3445,质量,90.09,111,37,0,1,38,0.9736842105263158,95
84,2019070912,果冻/布丁,喜之郎,蜜桔果肉果冻,3445,质量,92.99,78,74,0,2,76,0.9736842105263158,96
484,2019070912,果冻/布丁,喜之郎,200G,3444,味道,89.5,101,37,0,1,38,0.9736842105263158,59
418,2019070912,果冻/布丁,喜之郎,CICI果汁果冻15包,3445,质量,92.75,79,73,0,2,75,0.9733333333333334,97
551,2019070912,果冻/布丁,苏晴子,CM520,3448,功能,96.63,26,764,2,19,785,0.9732484076433121,42
262,2019070912,果冻/布丁,百变女郎,帅洋-果味-29,3444,味道,89.84,97,36,0,1,37,0.972972972972973,60
816,2019070912,果冻/布丁,新巧风,鸡蛋布丁果冻180G,3444,味道,89.88,95,36,0,1,37,0.972972972972973,61
617,2019070912,果冻/布丁,优洽,红果冻,3446,口感,89.88,52,36,0,1,37,0.972972972972973,50
350,2019070912,果冻/布丁,百食驿,酵素果冻,3448,功能,94.57,42,144,0,4,148,0.972972972972973,43
188,2019070912,果冻/布丁,otaku/御宅女,酵素果,3448,功能,96.81,24,214,3,3,220,0.9727272727272728,44
654,2019070912,果冻/布丁,徐福记,C的酷,3445,质量,94.36,62,142,0,4,146,0.9726027397260274,98
22,2019070912,果冻/布丁,three squirrels/三只松鼠,垦丁的晚霞果味果冻360G,3443,包装,96.64,29,771,3,19,793,0.9722572509457755,68
820,2019070912,果冻/布丁,百变女郎,洛神花-39,3444,味道,93.99,48,35,1,0,36,0.9722222222222222,62
144,2019070912,果冻/布丁,slim waist/小纤腰,酵素果冻系列,3443,包装,89.62,101,35,0,1,36,0.9722222222222222,69
300,2019070912,果冻/布丁,喜之郎,CICI果汁果冻爽150G,3445,质量,89.52,114,35,0,1,36,0.9722222222222222,99
703,2019070912,果冻/布丁,喜之郎,果冻360G,3445,质量,96.3,39,453,2,11,466,0.9721030042918455,100
42,2019070912,果冻/布丁,sx/世熙堂,酵素果冻,3446,口感,94.28,26,139,0,4,143,0.972027972027972,51
583,2019070912,果冻/布丁,均畅,酵素果冻,3448,功能,94.49,44,69,1,1,71,0.971830985915493,45
636,2019070912,果冻/布丁,拂朵,冻吃大吃,3448,功能,94.48,45,69,1,1,71,0.971830985915493,46
785,2019070912,果冻/布丁,喜之郎,什锦果肉果冻200G,3445,质量,95.31,50,172,1,4,177,0.9717514124293786,101
648,2019070912,果冻/布丁,larbee/蜡笔小新,2.1KG果冻,3445,质量,96.16,41,444,0,13,457,0.9715536105032823,102
234,2019070912,果冻/布丁,绿瘦,酵素果冻系列,3443,包装,92.63,74,34,1,0,35,0.9714285714285714,70
866,2019070912,果冻/布丁,holiland/好利来,白桃果冻,3453,果肉,93.82,1,34,1,0,35,0.9714285714285714,2
556,2019070912,果冻/布丁,纤淑,酵素果冻,3445,质量,89.34,115,34,0,1,35,0.9714285714285714,103
630,2019070912,果冻/布丁,小腰精,018,3444,味道,93.77,52,34,1,0,35,0.9714285714285714,63
735,2019070912,果冻/布丁,chacheer/洽洽,儿童挤食果冻,3443,包装,89.24,102,34,0,1,35,0.9714285714285714,71
103,2019070912,果冻/布丁,纤秀堂,SC10635021200617,3444,味道,94.32,43,67,1,1,69,0.9710144927536232,64
546,2019070912,果冻/布丁,苏晴子,CM520,3443,包装,95.68,38,301,1,8,310,0.9709677419354839,72
741,2019070912,果冻/布丁,喜之郎,乳酸果冻,3443,包装,89.05,103,33,0,1,34,0.9705882352941176,73
114,2019070912,果冻/布丁,larbee/蜡笔小新,鲜Q果冻爽150G*8包,3446,口感,89.05,54,33,0,1,34,0.9705882352941176,52
844,2019070912,果冻/布丁,orihiro/欧力喜乐,双拼果冻,3445,质量,89.61,113,33,0,1,34,0.9705882352941176,104
972,2019070912,果冻/布丁,梦美颜,酵素果冻,3452,清肠排便效果,93.65,2,33,1,0,34,0.9705882352941176,1
584,2019070912,果冻/布丁,喜之郎,脆脆冰,3443,包装,88.94,105,33,0,1,34,0.9705882352941176,74
105,2019070912,果冻/布丁,纤秀堂,SC10635021200617,3448,功能,93.31,48,98,0,3,101,0.9702970297029703,47
713,2019070912,果冻/布丁,徐福记,小叭叭 益起C,3443,包装,91.98,85,65,0,2,67,0.9701492537313433,75
470,2019070912,果冻/布丁,旺旺,摇滚冻,3445,质量,95.08,55,128,1,3,132,0.9696969696969697,105
618,2019070912,果冻/布丁,优洽,红果冻,3447,性价比,88.74,60,32,0,1,33,0.9696969696969697,9
403,2019070912,果冻/布丁,爱飘飘,酵素果冻果粉,3451,排毒效果,96.24,1,285,3,6,294,0.9693877551020408,3
961,2019070912,果冻/布丁,广元堂,SOSO酵素果冻,3443,包装,93.34,66,95,0,3,98,0.9693877551020408,76
525,2019070912,果冻/布丁,cocon/可康,420G*4,3443,包装,93.74,61,126,0,4,130,0.9692307692307692,77
4,2019070912,果冻/布丁,喜之郎,蜜桔果肉果冻990G*2袋,3444,味道,95.74,36,189,2,4,195,0.9692307692307692,65
746,2019070912,果冻/布丁,福慕堂,酵素果冻,3444,味道,95.78,35,126,2,2,130,0.9692307692307692,66
282,2019070912,果冻/布丁,存臻,酵素果冻组合,3448,功能,94.67,40,125,1,3,129,0.9689922480620154,48
859,2019070912,果冻/布丁,喜之郎,散装果冻,3447,性价比,93.27,31,31,1,0,32,0.96875,10
504,2019070912,果冻/布丁,中露,SOHO STAR果冻380G,3443,包装,95.82,37,397,2,11,410,0.9682926829268292,78
861,2019070912,果冻/布丁,holiland/好利来,白桃果冻,3443,包装,96.85,24,640,7,14,661,0.9682299546142209,79
235,2019070912,果冻/布丁,绿瘦,酵素果冻系列,3444,味道,93.64,54,90,1,2,93,0.967741935483871,67
895,2019070912,果冻/布丁,munwaving/美飘飘,酵素果冻盒装,3448,功能,99.08,3,1572,44,9,1625,0.9673846153846154,49
174,2019070912,果冻/布丁,优洽,酵素果冻,3445,质量,93.33,72,118,0,4,122,0.9672131147540983,106
671,2019070912,果冻/布丁,川品,高端系列,3447,性价比,97.52,5,88,3,0,91,0.967032967032967,11
345,2019070912,果冻/布丁,百食驿,酵素果冻,3443,包装,94.31,53,117,1,3,121,0.9669421487603306,80
610,2019070912,果冻/布丁,clever mama/巧妈妈,老酸奶布丁,3454,外观,92.8,7,29,1,0,30,0.9666666666666667,1
455,2019070912,果冻/布丁,maizhao/唛兆,阿Q果冻,3443,包装,87.22,116,29,0,1,30,0.9666666666666667,81
559,2019070912,果冻/布丁,果延嗖,果延嗖酵素果冻,3443,包装,87.69,111,29,0,1,30,0.9666666666666667,82
170,2019070912,果冻/布丁,惠尔康,吸冻,3444,味道,87.23,126,28,0,1,29,0.9655172413793104,68
714,2019070912,果冻/布丁,徐福记,小叭叭 益起C,3444,味道,87.3,123,28,0,1,29,0.9655172413793104,69
140,2019070912,果冻/布丁,larbee/蜡笔小新,整箱果冻2100G,3447,性价比,92.38,38,28,1,0,29,0.9655172413793104,12
949,2019070912,果冻/布丁,tarami,0卡,3443,包装,87.3,115,28,0,1,29,0.9655172413793104,83
98,2019070912,果冻/布丁,喜之郎,果粒爽258ML*8,3443,包装,87.3,114,28,0,1,29,0.9655172413793104,84
600,2019070912,果冻/布丁,喜之郎,乳酸什锦果冻360G*5袋,3447,性价比,96.31,12,140,3,2,145,0.9655172413793104,13
132,2019070912,果冻/布丁,orihiro/欧力喜乐,果汁蒟蒻可吸果冻,3443,包装,94.0,58,195,0,7,202,0.9653465346534653,85
619,2019070912,果冻/布丁,优洽,红果冻,3448,功能,94.92,38,278,1,9,288,0.9652777777777778,50
607,2019070912,果冻/布丁,clever mama/巧妈妈,老酸奶布丁,3445,质量,95.3,51,83,2,1,86,0.9651162790697675,107
517,2019070912,果冻/布丁,小腰精,酵素果冻,3445,质量,94.35,64,138,1,4,143,0.965034965034965,108
344,2019070912,果冻/布丁,存臻,燕窝果冻5盒装,3448,功能,90.61,64,55,0,2,57,0.9649122807017544,51
736,2019070912,果冻/布丁,chacheer/洽洽,儿童挤食果冻,3444,味道,91.95,75,81,0,3,84,0.9642857142857143,70
585,2019070912,果冻/布丁,良品铺子,椰果布丁720G,3443,包装,94.98,46,459,0,17,476,0.9642857142857143,86
186,2019070912,果冻/布丁,otaku/御宅女,酵素果,3446,口感,86.73,61,27,0,1,28,0.9642857142857143,53
637,2019070912,果冻/布丁,petitzel,果冻草莓90,3444,味道,87.58,117,27,0,1,28,0.9642857142857143,71
314,2019070912,果冻/布丁,姿然美,酵素果冻,3448,功能,93.03,52,54,1,1,56,0.9642857142857143,52
925,2019070912,果冻/布丁,乖乖瘦,益生菌果冻,3443,包装,96.84,25,214,5,3,222,0.963963963963964,87
689,2019070912,果冻/布丁,three squirrels/三只松鼠,牛奶冻,3456,零食,97.93,2,107,4,0,111,0.963963963963964,6
210,2019070912,果冻/布丁,乖乖瘦,1盒蓝莓果冻,3448,功能,95.12,37,547,1,20,568,0.9630281690140845,53
699,2019070912,果冻/布丁,存臻,综合果蔬,3444,味道,86.99,128,26,0,1,27,0.9629629629629629,72
707,2019070912,果冻/布丁,喜之郎,果冻360G,3456,零食,86.36,8,26,0,1,27,0.9629629629629629,7
765,2019070912,果冻/布丁,安之若素,洛神花果冻,3444,味道,86.75,131,26,0,1,27,0.9629629629629629,73
62,2019070912,果冻/布丁,喜之郎,蜜桔果肉果冻散称500G,3444,味道,85.86,140,26,0,1,27,0.9629629629629629,74
940,2019070912,果冻/布丁,林锦记,海盐果冻4枚,3443,包装,92.71,72,52,1,1,54,0.9629629629629629,88
341,2019070912,果冻/布丁,metabolic,酵素酵母果冻,3445,质量,92.08,85,26,1,0,27,0.9629629629629629,109
948,2019070912,果冻/布丁,喜之郎,网红抖音款,3447,性价比,92.03,43,26,1,0,27,0.9629629629629629,14
421,2019070912,果冻/布丁,卓宜,酵素果冻,3444,味道,92.03,72,26,1,0,27,0.9629629629629629,75
184,2019070912,果冻/布丁,otaku/御宅女,酵素果,3444,味道,93.98,50,128,1,4,133,0.9624060150375939,76
487,2019070912,果冻/布丁,喜之郎,果冻200G*10,3443,包装,95.61,41,817,4,28,849,0.9623085983510011,89
697,2019070912,果冻/布丁,苏晴子,CM7005,3448,功能,95.16,36,633,1,24,658,0.9620060790273556,54
869,2019070912,果冻/布丁,秀尔魅,酵素果冻蓝莓味道,3444,味道,95.66,38,329,4,9,342,0.9619883040935673,77
947,2019070912,果冻/布丁,喜之郎,网红抖音款,3445,质量,85.96,121,25,0,1,26,0.9615384615384616,110
937,2019070912,果冻/布丁,xtaml,玫瑰果冻,3448,功能,89.81,67,50,0,2,52,0.9615384615384616,55
863,2019070912,果冻/布丁,holiland/好利来,白桃果冻,3445,质量,89.68,112,49,0,2,51,0.9607843137254902,111
682,2019070912,果冻/布丁,良品铺子,日式纸袋果冻,3456,零食,92.24,6,49,1,1,51,0.9607843137254902,8
473,2019070912,果冻/布丁,优洽,SOSO果冻,3444,味道,95.7,37,606,6,19,631,0.9603803486529319,78
655,2019070912,果冻/布丁,徐福记,C的酷,3446,口感,85.07,66,24,0,1,25,0.96,54
240,2019070912,果冻/布丁,初萌,初萌酵素果冻A,3446,口感,85.36,65,24,0,1,25,0.96,55
826,2019070912,果冻/布丁,lium/溜溜梅,冻心装,3443,包装,89.87,100,24,1,0,25,0.96,90
317,2019070912,果冻/布丁,expressions,蓝莓酵素果冻条,3443,包装,92.52,77,118,0,5,123,0.959349593495935,91
770,2019070912,果冻/布丁,菲诺,YZD02,3445,质量,93.08,76,165,0,7,172,0.9593023255813954,112
451,2019070912,果冻/布丁,旺旺,茶咖冻 132G 茶味,3444,味道,92.09,71,47,1,1,49,0.9591836734693877,79
784,2019070912,果冻/布丁,喜之郎,什锦果肉果冻200G,3444,味道,93.91,51,185,1,7,193,0.9585492227979274,80
490,2019070912,果冻/布丁,喜之郎,果冻200G*10,3446,口感,84.9,68,23,0,1,24,0.9583333333333334,56
233,2019070912,果冻/布丁,净尔氏,海藻冻,3448,功能,84.9,72,23,0,1,24,0.9583333333333334,56
590,2019070912,果冻/布丁,良品铺子,椰果布丁720G,3453,果肉,84.9,5,23,0,1,24,0.9583333333333334,3
57,2019070912,果冻/布丁,酷语,酵素,3446,口感,84.9,67,23,0,1,24,0.9583333333333334,57
102,2019070912,果冻/布丁,爽露爽,米酒布丁,3444,味道,84.7,148,23,0,1,24,0.9583333333333334,81
851,2019070912,果冻/布丁,樱桃小丸子,鸡蛋布丁果冻,3444,味道,88.96,104,46,0,2,48,0.9583333333333334,82
246,2019070912,果冻/布丁,三叔公,果冻布丁,3443,包装,84.8,129,23,0,1,24,0.9583333333333334,92
145,2019070912,果冻/布丁,slim waist/小纤腰,酵素果冻系列,3444,味道,84.9,147,23,0,1,24,0.9583333333333334,83
434,2019070912,果冻/布丁,华元,500,3444,味道,91.7,80,45,1,1,47,0.9574468085106383,84
11,2019070912,果冻/布丁,平野,芝士味/焦糖味布丁,3443,包装,92.56,76,88,1,3,92,0.9565217391304348,93
7,2019070912,果冻/布丁,喜之郎,蜜桔果肉果冻990G*2袋,3455,分量,85.08,9,22,0,1,23,0.9565217391304348,4
264,2019070912,果冻/布丁,徐福记,小叭叭C的酷/益起C,3444,味道,81.69,175,22,0,1,23,0.9565217391304348,85
232,2019070912,果冻/布丁,盛香珍,优酪果园,3456,零食,84.31,10,22,0,1,23,0.9565217391304348,9
202,2019070912,果冻/布丁,生和堂,雪梨枇杷膏,3454,外观,87.4,12,44,0,2,46,0.9565217391304348,2
561,2019070912,果冻/布丁,果延嗖,果延嗖酵素果冻,3445,质量,84.31,125,22,0,1,23,0.9565217391304348,113
340,2019070912,果冻/布丁,metabolic,酵素酵母果冻,3444,味道,90.19,93,65,0,3,68,0.9558823529411765,86
90,2019070912,果冻/布丁,麦心诺,明星款果冻,3447,性价比,96.88,9,172,6,2,180,0.9555555555555556,15
164,2019070912,果冻/布丁,妖秀,酵素果冻01,3443,包装,88.38,110,43,0,2,45,0.9555555555555556,94
905,2019070912,果冻/布丁,喜之郎,什锦果冻360G*2袋 乳酸味儿童布丁零食小吃休闲食品大礼包,3447,性价比,90.52,52,43,1,1,45,0.9555555555555556,16
809,2019070912,果冻/布丁,call me queen/叫我女王,洛神花果冻,3451,排毒效果,88.42,6,43,0,2,45,0.9555555555555556,4
190,2019070912,果冻/布丁,clever mama/巧妈妈,乳酸菌布丁,3443,包装,93.26,67,171,1,7,179,0.9553072625698324,95
75,2019070912,果冻/布丁,clever mama/巧妈妈,鸡蛋布甸实惠装750G,3443,包装,93.44,62,318,0,15,333,0.954954954954955,96
860,2019070912,果冻/布丁,喜之郎,散装果冻,3455,分量,83.66,10,21,0,1,22,0.9545454545454546,5
935,2019070912,果冻/布丁,xtaml,玫瑰果冻,3444,味道,89.86,96,63,0,3,66,0.9545454545454546,87
604,2019070912,果冻/布丁,樱花泗,酵素果冻,3448,功能,87.95,71,42,0,2,44,0.9545454545454546,57
573,2019070912,果冻/布丁,cozzo/高柔,综合果味条形果冻,3443,包装,83.43,137,21,0,1,22,0.9545454545454546,97
393,2019070912,果冻/布丁,flower gear/花齿轮,花齿轮魔芋花派3口味,3443,包装,82.68,144,21,0,1,22,0.9545454545454546,98
106,2019070912,果冻/布丁,yutior,新品臻纤果吸,3443,包装,83.66,134,21,0,1,22,0.9545454545454546,99
241,2019070912,果冻/布丁,初萌,初萌酵素果冻A,3448,功能,90.16,65,63,0,3,66,0.9545454545454546,58
674,2019070912,果冻/布丁,良品铺子,日式纸袋果冻,3443,包装,94.89,47,519,5,20,544,0.9540441176470589,100
846,2019070912,果冻/布丁,达心堂,酵素果冻,3444,味道,91.7,79,62,1,2,65,0.9538461538461539,88
724,2019070912,果冻/布丁,网易严选,1108028,3446,口感,87.77,58,41,0,2,43,0.9534883720930233,58
288,2019070912,果冻/布丁,来伊份,QQ冻,3444,味道,87.29,124,41,0,2,43,0.9534883720930233,89
815,2019070912,果冻/布丁,喜之郎,香橙味果冻90克,3447,性价比,97.3,6,81,4,0,85,0.9529411764705882,17
954,2019070912,果冻/布丁,懒人爱,酵素果冻2盒装,3448,功能,91.59,57,121,0,6,127,0.952755905511811,59
683,2019070912,果冻/布丁,three squirrels/三只松鼠,牛奶冻,3443,包装,94.25,54,745,2,35,782,0.9526854219948849,101
645,2019070912,果冻/布丁,喜之郎,果冻条,3445,质量,82.97,126,20,0,1,21,0.9523809523809523,114
855,2019070912,果冻/布丁,喜之郎,CICI258毫升,3443,包装,82.84,142,20,0,1,21,0.9523809523809523,102
614,2019070912,果冻/布丁,梦雨果,MYGJSGD012,3448,功能,82.18,73,20,0,1,21,0.9523809523809523,60
732,2019070912,果冻/布丁,忘不了,果板果冻,3445,质量,82.84,128,20,0,1,21,0.9523809523809523,115
708,2019070912,果冻/布丁,喜之郎,果冻90G*30 整箱,3443,包装,91.47,89,120,0,6,126,0.9523809523809523,103
659,2019070912,果冻/布丁,萌萌星,酸奶布丁,3445,质量,82.97,127,20,0,1,21,0.9523809523809523,116
109,2019070912,果冻/布丁,bocca/牧家,规格: 布丁,3443,包装,82.97,141,20,0,1,21,0.9523809523809523,104
934,2019070912,果冻/布丁,xtaml,玫瑰果冻,3443,包装,82.97,140,20,0,1,21,0.9523809523809523,105
894,2019070912,果冻/布丁,munwaving/美飘飘,酵素果冻盒装,3447,性价比,98.51,2,372,17,2,391,0.9514066496163683,18
177,2019070912,果冻/布丁,优洽,酵素果冻,3448,功能,94.5,43,1071,5,50,1126,0.9511545293072824,61
651,2019070912,果冻/布丁,larbee/蜡笔小新,2.1KG果冻,3455,分量,92.66,2,173,1,8,182,0.9505494505494505,6
115,2019070912,果冻/布丁,larbee/蜡笔小新,鲜Q果冻爽150G*8包,3447,性价比,94.91,19,230,5,7,242,0.9504132231404959,19
215,2019070912,果冻/布丁,樱桃小丸子,樱桃小丸子,3443,包装,94.21,55,401,4,17,422,0.9502369668246445,106
256,2019070912,果冻/布丁,call me queen/叫我女王,胶原蛋白/洛神花/燕窝果冻,3447,性价比,95.1,16,190,5,5,200,0.95,20
939,2019070912,果冻/布丁,都乐梦,椰子冻,3444,味道,94.44,42,38,2,0,40,0.95,90
493,2019070912,果冻/布丁,花匙,洛神花酵素果冻,3444,味道,92.63,63,57,2,1,60,0.95,91
579,2019070912,果冻/布丁,御食园,果冻爽,3453,果肉,90.65,2,38,1,1,40,0.95,4
39,2019070912,果冻/布丁,sx/世熙堂,酵素果冻,3443,包装,92.0,84,113,1,5,119,0.9495798319327731,107
868,2019070912,果冻/布丁,秀尔魅,酵素果冻蓝莓味道,3443,包装,91.68,88,94,1,4,99,0.9494949494949495,108
359,2019070912,果冻/布丁,tarami,蒟蒻组合,3443,包装,91.39,90,75,1,3,79,0.9493670886075949,109
154,2019070912,果冻/布丁,喜之郎,乳酸果冻360G*5袋,3444,味道,88.64,107,56,0,3,59,0.9491525423728814,92
260,2019070912,果冻/布丁,call me queen/叫我女王,胶原蛋白/洛神花/燕窝果冻,3451,排毒效果,89.73,5,74,0,4,78,0.9487179487179487,5
588,2019070912,果冻/布丁,良品铺子,椰果布丁720G,3446,口感,88.45,57,55,0,3,58,0.9482758620689655,59
82,2019070912,果冻/布丁,喜之郎,蜜桔果肉果冻,3443,包装,88.39,109,54,0,3,57,0.9473684210526315,110
128,2019070912,果冻/布丁,凯基宁,黄金百香果味果冻,3443,包装,94.09,56,36,2,0,38,0.9473684210526315,111
615,2019070912,果冻/布丁,优洽,红果冻,3443,包装,92.71,73,71,2,2,75,0.9466666666666667,112
424,2019070912,果冻/布丁,乖乖瘦,酵素果冻,3444,味道,91.97,74,142,1,7,150,0.9466666666666667,93
901,2019070912,果冻/布丁,萌萌星,萌萌星组合,3444,味道,89.96,94,88,0,5,93,0.946236559139785,94
966,2019070912,果冻/布丁,广元堂,SOSO酵素果冻,3448,功能,93.27,49,457,2,24,483,0.9461697722567288,62
479,2019070912,果冻/布丁,优洽,SOSO果冻,3454,外观,89.62,11,35,1,1,37,0.9459459459459459,3
723,2019070912,果冻/布丁,网易严选,1108028,3445,质量,92.59,80,70,2,2,74,0.9459459459459459,117
40,2019070912,果冻/布丁,sx/世熙堂,酵素果冻,3444,味道,92.96,59,310,2,16,328,0.9451219512195121,95
309,2019070912,果冻/布丁,christine/克莉丝汀,套装,3443,包装,85.72,125,34,0,2,36,0.9444444444444444,113
160,2019070912,果冻/布丁,旺旺,蒟篛果冻,3447,性价比,93.77,30,84,3,2,89,0.9438202247191011,21
112,2019070912,果冻/布丁,larbee/蜡笔小新,鲜Q果冻爽150G*8包,3444,味道,93.47,55,352,4,17,373,0.9436997319034852,96
148,2019070912,果冻/布丁,easy fun,零卡果冻,3443,包装,91.34,91,117,1,6,124,0.9435483870967742,114
756,2019070912,果冻/布丁,佰思宜,圣诞节礼包,3444,味道,92.29,70,150,2,7,159,0.9433962264150944,97
656,2019070912,果冻/布丁,徐福记,C的酷,3447,性价比,94.69,21,100,4,2,106,0.9433962264150944,22
727,2019070912,果冻/布丁,惠尔康,优の冻组合装,3443,包装,87.52,112,50,0,3,53,0.9433962264150944,115
616,2019070912,果冻/布丁,优洽,红果冻,3444,味道,92.31,69,149,2,7,158,0.9430379746835443,98
425,2019070912,果冻/布丁,乖乖瘦,酵素果冻,3445,质量,87.33,118,49,0,3,52,0.9423076923076923,118
35,2019070912,果冻/布丁,都乐梦,慕斯,3444,味道,91.81,77,98,2,4,104,0.9423076923076923,99
349,2019070912,果冻/布丁,百食驿,酵素果冻,3447,性价比,92.29,40,49,2,1,52,0.9423076923076923,23
415,2019070912,果冻/布丁,梦雨果,JSGD001,3448,功能,90.64,63,146,0,9,155,0.9419354838709677,63
927,2019070912,果冻/布丁,乖乖瘦,益生菌果冻,3445,质量,87.1,119,48,0,3,51,0.9411764705882353,119
481,2019070912,果冻/布丁,喜之郎,24杯果肉果冻定制,3443,包装,87.1,118,48,0,3,51,0.9411764705882353,116
603,2019070912,果冻/布丁,樱花泗,酵素果冻,3444,味道,87.97,113,32,1,1,34,0.9411764705882353,100
64,2019070912,果冻/布丁,喜之郎,蜜桔果肉果冻散称500G,3447,性价比,92.43,37,32,2,0,34,0.9411764705882353,24
650,2019070912,果冻/布丁,larbee/蜡笔小新,2.1KG果冻,3447,性价比,98.54,1,382,22,2,406,0.9408866995073891,25
848,2019070912,果冻/布丁,达心堂,酵素果冻,3448,功能,90.88,61,111,1,6,118,0.940677966101695,64
570,2019070912,果冻/布丁,cocon/可康,多口味果冻 含椰果 480G,3445,质量,88.09,117,63,0,4,67,0.9402985074626866,120
334,2019070912,果冻/布丁,旺旺,维多粒,3445,质量,86.59,120,47,0,3,50,0.94,121
38,2019070912,果冻/布丁,都乐梦,慕斯,3454,外观,95.18,3,47,3,0,50,0.94,4
97,2019070912,果冻/布丁,平野,浓厚牛奶芝士布丁,3444,味道,91.92,76,47,2,1,50,0.94,101
111,2019070912,果冻/布丁,larbee/蜡笔小新,鲜Q果冻爽150G*8包,3443,包装,90.79,94,172,0,11,183,0.9398907103825137,117
638,2019070912,果冻/布丁,盛香珍,果冻布丁,3444,味道,88.96,105,46,1,2,49,0.9387755102040817,102
575,2019070912,果冻/布丁,御食园,果冻爽,3444,味道,92.6,65,458,3,27,488,0.9385245901639344,103
534,2019070912,果冻/布丁,蓓俪芙,养森系列,3448,功能,88.06,70,30,1,1,32,0.9375,65
929,2019070912,果冻/布丁,乖乖瘦,益生菌果冻,3447,性价比,91.76,45,45,2,1,48,0.9375,26
375,2019070912,果冻/布丁,果爱,什锦果冻,3445,质量,84.49,123,30,0,2,32,0.9375,122
275,2019070912,果冻/布丁,佳达,拖肥,3447,性价比,95.99,14,238,11,5,254,0.937007874015748,27
706,2019070912,果冻/布丁,喜之郎,果冻360G,3455,分量,91.45,5,59,2,2,63,0.9365079365079365,7
445,2019070912,果冻/布丁,樱桃小丸子,果冻布丁,3443,包装,90.42,96,118,1,7,126,0.9365079365079365,118
13,2019070912,果冻/布丁,平野,芝士味/焦糖味布丁,3445,质量,85.86,122,44,0,3,47,0.9361702127659575,123
459,2019070912,果冻/布丁,maizhao/唛兆,阿Q果冻,3447,性价比,91.65,47,44,2,1,47,0.9361702127659575,28
365,2019070912,果冻/布丁,来伊份,奶酪布丁,3443,包装,88.54,108,44,1,2,47,0.9361702127659575,119
281,2019070912,果冻/布丁,存臻,酵素果冻组合,3446,口感,85.91,63,44,0,3,47,0.9361702127659575,60
716,2019070912,果冻/布丁,徐福记,小叭叭 益起C,3447,性价比,88.58,61,44,1,2,47,0.9361702127659575,29
419,2019070912,果冻/布丁,喜之郎,CICI果汁果冻15包,3447,性价比,95.05,17,44,3,0,47,0.9361702127659575,30
564,2019070912,果冻/布丁,果延嗖,果延嗖酵素果冻,3448,功能,88.11,69,73,0,5,78,0.9358974358974359,66
842,2019070912,果冻/布丁,orihiro/欧力喜乐,双拼果冻,3443,包装,83.52,136,29,0,2,31,0.9354838709677419,120
471,2019070912,果冻/布丁,旺旺,摇滚冻,3447,性价比,88.03,62,43,1,2,46,0.9347826086956522,31
161,2019070912,果冻/布丁,平野,80G,3443,包装,86.86,120,57,0,4,61,0.9344262295081968,121
482,2019070912,果冻/布丁,喜之郎,24杯果肉果冻定制,3444,味道,87.3,122,28,1,1,30,0.9333333333333333,104
43,2019070912,果冻/布丁,sx/世熙堂,酵素果冻,3447,性价比,94.48,24,69,4,1,74,0.9324324324324325,32
83,2019070912,果冻/布丁,喜之郎,蜜桔果肉果冻,3444,味道,92.51,66,69,3,2,74,0.9324324324324325,105
428,2019070912,果冻/布丁,乖乖瘦,酵素果冻,3448,功能,90.09,66,192,0,14,206,0.9320388349514563,67
871,2019070912,果冻/布丁,秀尔魅,酵素果冻蓝莓味道,3446,口感,88.6,56,96,0,7,103,0.9320388349514563,61
85,2019070912,果冻/布丁,喜之郎,蜜桔果肉果冻,3447,性价比,86.89,66,27,1,1,29,0.9310344827586207,33
781,2019070912,果冻/布丁,喜之郎,果冻90G,3447,性价比,96.76,10,67,5,0,72,0.9305555555555556,34
606,2019070912,果冻/布丁,clever mama/巧妈妈,老酸奶布丁,3444,味道,91.99,73,535,4,36,575,0.9304347826086956,106
601,2019070912,果冻/布丁,喜之郎,乳酸什锦果冻360G*5袋,3455,分量,90.44,7,80,2,4,86,0.9302325581395349,8
94,2019070912,果冻/布丁,喜之郎,果肉果冻200G*16,3443,包装,86.14,123,53,0,4,57,0.9298245614035088,122
426,2019070912,果冻/布丁,乖乖瘦,酵素果冻,3446,口感,86.14,62,53,0,4,57,0.9298245614035088,62
138,2019070912,果冻/布丁,larbee/蜡笔小新,整箱果冻2100G,3444,味道,86.39,137,53,0,4,57,0.9298245614035088,107
462,2019070912,果冻/布丁,moca-king/摩咔金,乳酸菌布丁500G,3444,味道,90.4,91,159,2,10,171,0.9298245614035088,108
71,2019070912,果冻/布丁,慕诗,烧仙草,3447,性价比,91.28,50,92,3,4,99,0.9292929292929293,35
44,2019070912,果冻/布丁,sx/世熙堂,酵素果冻,3448,功能,91.86,54,552,4,38,594,0.9292929292929293,68
696,2019070912,果冻/布丁,苏晴子,CM7005,3447,性价比,94.57,22,118,6,3,127,0.9291338582677166,36
944,2019070912,果冻/布丁,bpc/童颜丸,类人肽小颜防晒果冻,3448,功能,92.03,53,26,2,0,28,0.9285714285714286,69
885,2019070912,果冻/布丁,esthe pro labo,胶原蛋白果冻,3445,质量,90.56,108,39,2,1,42,0.9285714285714286,124
439,2019070912,果冻/布丁,喜之郎,混装口味2500克,3445,质量,81.99,130,26,0,2,28,0.9285714285714286,125
93,2019070912,果冻/布丁,麦心诺,明星款果冻,3452,清肠排便效果,92.8,4,52,3,1,56,0.9285714285714286,2
666,2019070912,果冻/布丁,tarami,多肉组合,3444,味道,81.99,174,26,0,2,28,0.9285714285714286,109
287,2019070912,果冻/布丁,三叔公,黄桃冻+青梅冻,3444,味道,86.44,136,26,1,1,28,0.9285714285714286,110
921,2019070912,果冻/布丁,韩乐,优酪果冻1.75KG,3445,质量,84.44,124,39,0,3,42,0.9285714285714286,126
397,2019070912,果冻/布丁,爱飘飘,酵素果冻果粉,3445,质量,98.72,4,2942,200,29,3171,0.9277830337432986,127
834,2019070912,果冻/布丁,韩乐,韩乐优酪果冻2KG,3446,口感,87.23,59,77,0,6,83,0.927710843373494,63
923,2019070912,果冻/布丁,韩乐,优酪果冻1.75KG,3447,性价比,91.85,44,77,3,3,83,0.927710843373494,37
900,2019070912,果冻/布丁,萌萌星,萌萌星组合,3443,包装,84.15,132,38,0,3,41,0.926829268292683,123
284,2019070912,果冻/布丁,旺旺,132G*8,3444,味道,91.73,78,25,2,0,27,0.9259259259259259,111
297,2019070912,果冻/布丁,喜之郎,果肉果冻散称500G,3444,味道,85.96,139,25,1,1,27,0.9259259259259259,112
652,2019070912,果冻/布丁,徐福记,C的酷,3443,包装,88.77,106,149,0,12,161,0.9254658385093167,124
199,2019070912,果冻/布丁,生和堂,雪梨枇杷膏,3446,口感,88.89,55,124,1,9,134,0.9253731343283582,64
959,2019070912,果冻/布丁,雅客,雅客心动珍礼果冻,3447,性价比,96.38,11,148,10,2,160,0.925,38
586,2019070912,果冻/布丁,良品铺子,椰果布丁720G,3444,味道,92.33,68,740,10,50,800,0.925,113
799,2019070912,果冻/布丁,菲诺,YWYZD_1,3446,口感,82.81,76,37,0,3,40,0.925,65
242,2019070912,果冻/布丁,喜之郎,蜜桔果肉果冻大袋 990G/袋,3443,包装,88.57,107,85,1,6,92,0.9239130434782609,125
887,2019070912,果冻/布丁,esthe pro labo,胶原蛋白果冻,3447,性价比,86.19,69,36,1,2,39,0.9230769230769231,39
194,2019070912,果冻/布丁,clever mama/巧妈妈,乳酸菌布丁,3447,性价比,87.58,65,60,1,4,65,0.9230769230769231,40
577,2019070912,果冻/布丁,御食园,果冻爽,3446,口感,91.47,42,60,3,2,65,0.9230769230769231,66
730,2019070912,果冻/布丁,忘不了,果板果冻,3443,包装,85.45,127,24,1,1,26,0.9230769230769231,126
836,2019070912,果冻/布丁,韩乐,韩乐优酪果冻2KG,3455,分量,87.62,8,107,0,9,116,0.9224137931034483,9
608,2019070912,果冻/布丁,clever mama/巧妈妈,老酸奶布丁,3446,口感,84.45,71,47,0,4,51,0.9215686274509803,67
488,2019070912,果冻/布丁,喜之郎,果冻200G*10,3444,味道,90.44,90,246,3,18,267,0.9213483146067416,114
213,2019070912,果冻/布丁,樱桃小丸子,海藻冻,3444,味道,87.36,121,117,0,10,127,0.9212598425196851,115
513,2019070912,果冻/布丁,麦心诺,明星款果粉,3447,性价比,86.08,70,35,1,2,38,0.9210526315789473,41
65,2019070912,果冻/布丁,莎拉米露,果冻米酒系列,3444,味道,82.99,165,35,0,3,38,0.9210526315789473,116
463,2019070912,果冻/布丁,moca-king/摩咔金,乳酸菌布丁500G,3445,质量,82.31,129,35,0,3,38,0.9210526315789473,128
761,2019070912,果冻/布丁,喜之郎,果汁果冻/乳酸果冻495G*4袋,3444,味道,82.91,166,35,0,3,38,0.9210526315789473,117
465,2019070912,果冻/布丁,moca-king/摩咔金,乳酸菌布丁500G,3447,性价比,89.02,57,35,2,1,38,0.9210526315789473,42
60,2019070912,果冻/布丁,酷语,酵素,3452,清肠排便效果,86.08,14,35,1,2,38,0.9210526315789473,3
701,2019070912,果冻/布丁,喜之郎,果冻360G,3443,包装,89.97,99,408,0,35,443,0.9209932279909706,127
919,2019070912,果冻/布丁,韩乐,优酪果冻1.75KG,3443,包装,87.1,117,58,1,4,63,0.9206349206349206,128
886,2019070912,果冻/布丁,esthe pro labo,胶原蛋白果冻,3446,口感,84.25,73,46,0,4,50,0.92,68
911,2019070912,果冻/布丁,喜之郎,CICI果粒爽,3444,味道,86.46,135,46,1,3,50,0.92,118
442,2019070912,果冻/布丁,千逢,玫瑰果冻,3454,外观,91.13,9,23,2,0,25,0.92,5
6,2019070912,果冻/布丁,喜之郎,蜜桔果肉果冻990G*2袋,3447,性价比,92.8,34,69,4,2,75,0.92,43
95,2019070912,果冻/布丁,喜之郎,果肉果冻200G*16,3444,味道,80.04,188,23,0,2,25,0.92,119
658,2019070912,果冻/布丁,萌萌星,酸奶布丁,3444,味道,88.01,112,138,0,12,150,0.92,120
226,2019070912,果冻/布丁,larbee/蜡笔小新,果肉果冻,3444,味道,86.6,132,46,1,3,50,0.92,121
461,2019070912,果冻/布丁,moca-king/摩咔金,乳酸菌布丁500G,3443,包装,85.76,124,80,0,7,87,0.9195402298850575,129
783,2019070912,果冻/布丁,喜之郎,什锦果肉果冻200G,3443,包装,90.96,93,444,5,34,483,0.9192546583850931,130
45,2019070912,果冻/布丁,sx/世熙堂,酵素果冻,3452,清肠排便效果,90.25,6,91,3,5,99,0.9191919191919192,4
598,2019070912,果冻/布丁,喜之郎,乳酸什锦果冻360G*5袋,3444,味道,90.84,84,284,4,21,309,0.919093851132686,122
298,2019070912,果冻/布丁,喜之郎,CICI果汁果冻爽150G,3443,包装,82.25,146,34,0,3,37,0.918918918918919,131
153,2019070912,果冻/布丁,喜之郎,乳酸果冻360G*5袋,3443,包装,82.48,145,34,0,3,37,0.918918918918919,132
702,2019070912,果冻/布丁,喜之郎,果冻360G,3444,味道,90.75,87,537,5,43,585,0.9179487179487179,123
200,2019070912,果冻/布丁,生和堂,雪梨枇杷膏,3447,性价比,96.2,13,805,49,23,877,0.9179019384264538,44
211,2019070912,果冻/布丁,乖乖瘦,1盒蓝莓果冻,3452,清肠排便效果,88.83,9,89,2,6,97,0.9175257731958762,5
460,2019070912,果冻/布丁,maizhao/唛兆,阿Q果冻,3455,分量,90.5,6,22,2,0,24,0.9166666666666666,10
104,2019070912,果冻/布丁,纤秀堂,SC10635021200617,3446,口感,84.31,72,22,1,1,24,0.9166666666666666,69
100,2019070912,果冻/布丁,淘吉,淘吉果冻布丁,3443,包装,78.88,152,22,0,2,24,0.9166666666666666,133
250,2019070912,果冻/布丁,旺旺,ALICE QUEEN果汁果冻480G,3444,味道,88.54,108,44,2,2,48,0.9166666666666666,124
805,2019070912,果冻/布丁,call me queen/叫我女王,洛神花果冻,3447,性价比,93.86,29,108,7,3,118,0.9152542372881356,45
410,2019070912,果冻/布丁,梦雨果,JSGD001,3443,包装,84.17,131,43,0,4,47,0.9148936170212766,134
835,2019070912,果冻/布丁,韩乐,韩乐优酪果冻2KG,3447,性价比,97.2,8,193,16,2,211,0.9146919431279621,46
399,2019070912,果冻/布丁,爱飘飘,酵素果冻果粉,3447,性价比,94.06,27,3031,111,172,3314,0.9146047073023537,47
316,2019070912,果冻/布丁,盛香珍,蒟蒻果冻,3444,味道,90.87,83,85,4,4,93,0.9139784946236559,125
840,2019070912,果冻/布丁,喜之郎,果冻360G*5袋,3447,性价比,92.29,41,85,5,3,93,0.9139784946236559,48
709,2019070912,果冻/布丁,喜之郎,果冻90G*30 整箱,3444,味道,87.5,118,159,0,15,174,0.9137931034482759,126
278,2019070912,果冻/布丁,佳达,拖肥,3456,零食,84.7,9,63,0,6,69,0.9130434782608695,10
903,2019070912,果冻/布丁,喜之郎,什锦果冻360G*2袋 乳酸味儿童布丁零食小吃休闲食品大礼包,3444,味道,82.76,168,42,0,4,46,0.9130434782608695,127
938,2019070912,果冻/布丁,喜之郎,水晶之恋果冻400G*5袋,3444,味道,78.49,196,21,0,2,23,0.9130434782608695,128
924,2019070912,果冻/布丁,韩乐,优酪果冻1.75KG,3455,分量,79.17,12,21,0,2,23,0.9130434782608695,11
31,2019070912,果冻/布丁,喜之郎,草莓味果冻90克,3443,包装,78.34,154,21,0,2,23,0.9130434782608695,135
690,2019070912,果冻/布丁,超友味,柠檬红茶果冻,3443,包装,76.83,158,21,0,2,23,0.9130434782608695,136
33,2019070912,果冻/布丁,喜之郎,果汁果冻150G,3443,包装,78.19,155,21,0,2,23,0.9130434782608695,137
157,2019070912,果冻/布丁,旺旺,蒟篛果冻,3444,味道,89.82,98,230,4,18,252,0.9126984126984127,129
352,2019070912,果冻/布丁,樱桃小丸子,礼盒系列心型,3444,味道,82.35,170,41,0,4,45,0.9111111111111111,130
812,2019070912,果冻/布丁,喜之郎,香橙味果冻90克,3443,包装,87.5,113,123,1,11,135,0.9111111111111111,138
387,2019070912,果冻/布丁,bocca/牧家,气球布丁,3443,包装,86.9,119,92,1,8,101,0.9108910891089109,139
25,2019070912,果冻/布丁,three squirrels/三只松鼠,垦丁的晚霞果味果冻360G,3446,口感,87.2,60,112,1,10,123,0.9105691056910569,70
705,2019070912,果冻/布丁,喜之郎,果冻360G,3447,性价比,97.58,3,345,30,4,379,0.9102902374670184,49
495,2019070912,果冻/布丁,花匙,洛神花酵素果冻,3448,功能,89.81,68,80,4,4,88,0.9090909090909091,70
811,2019070912,果冻/布丁,tarami,香浓组合,3444,味道,80.52,183,30,0,3,33,0.9090909090909091,131
931,2019070912,果冻/布丁,乖乖瘦,益生菌果冻,3452,清肠排便效果,87.56,12,50,2,3,55,0.9090909090909091,6
508,2019070912,果冻/布丁,中露,SOHO STAR果冻380G,3454,外观,95.63,1,49,5,0,54,0.9074074074074074,6
692,2019070912,果冻/布丁,苏晴子,CM7005,3443,包装,86.7,121,147,0,15,162,0.9074074074074074,140
571,2019070912,果冻/布丁,cocon/可康,多口味果冻 含椰果 480G,3447,性价比,92.37,39,49,4,1,54,0.9074074074074074,50
312,2019070912,果冻/布丁,christine/克莉丝汀,套装,3446,口感,84.5,70,39,1,3,43,0.9069767441860465,71
176,2019070912,果冻/布丁,优洽,酵素果冻,3447,性价比,94.04,28,155,11,5,171,0.9064327485380117,51
193,2019070912,果冻/布丁,clever mama/巧妈妈,乳酸菌布丁,3446,口感,83.64,74,58,0,6,64,0.90625,72
907,2019070912,果冻/布丁,cocon/可康,椰果果冻80G*3杯,3444,味道,88.53,109,76,3,5,84,0.9047619047619048,132
712,2019070912,果冻/布丁,喜之郎,果冻90G*30 整箱,3455,分量,81.37,11,38,0,4,42,0.9047619047619048,12
179,2019070912,果冻/布丁,喜之郎,150G/包,3443,包装,85.22,128,65,1,6,72,0.9027777777777778,141
612,2019070912,果冻/布丁,喜之郎,蜜桔果肉果冻散500G,3444,味道,81.1,181,37,0,4,41,0.9024390243902439,133
66,2019070912,果冻/布丁,喜之郎,果冻2500G,3444,味道,83.65,159,37,1,3,41,0.9024390243902439,134
80,2019070912,果冻/布丁,clever mama/巧妈妈,鸡蛋布甸实惠装750G,3454,外观,94.3,5,37,4,0,41,0.9024390243902439,7
332,2019070912,果冻/布丁,旺旺,维多粒,3443,包装,83.65,135,37,1,3,41,0.9024390243902439,142
838,2019070912,果冻/布丁,喜之郎,果冻360G*5袋,3444,味道,87.38,120,157,2,15,174,0.9022988505747126,135
207,2019070912,果冻/布丁,乖乖瘦,1盒蓝莓果冻,3445,质量,88.55,116,173,4,15,192,0.9010416666666666,129
950,2019070912,果冻/布丁,tarami,0卡,3444,味道,80.42,185,36,0,4,40,0.9,136
906,2019070912,果冻/布丁,cocon/可康,椰果果冻80G*3杯,3443,包装,78.85,153,27,0,3,30,0.9,143
920,2019070912,果冻/布丁,韩乐,优酪果冻1.75KG,3444,味道,87.94,114,206,3,20,229,0.8995633187772926,137
720,2019070912,果冻/布丁,喜之郎,CICI可吸果冻750G*3袋组合,3447,性价比,87.75,63,71,3,5,79,0.8987341772151899,52
178,2019070912,果冻/布丁,优洽,酵素果冻,3452,清肠排便效果,88.43,10,115,4,9,128,0.8984375,7
466,2019070912,果冻/布丁,盛香珍,盛香珍蒟蒻265G*2包,3444,味道,84.17,155,53,1,5,59,0.8983050847457628,138
823,2019070912,果冻/布丁,clever mama/巧妈妈,奶酪布丁,3443,包装,81.5,149,44,0,5,49,0.8979591836734694,144
322,2019070912,果冻/布丁,expressions,蓝莓酵素果冻条,3448,功能,95.84,30,315,28,8,351,0.8974358974358975,71
50,2019070912,果冻/布丁,贝兴,贝兴 益生菌粉 1.5G/袋*10袋*2盒套餐,3447,性价比,97.25,7,295,30,4,329,0.8966565349544073,53
447,2019070912,果冻/布丁,樱桃小丸子,果冻布丁,3445,质量,81.07,131,43,0,5,48,0.8958333333333334,130
389,2019070912,果冻/布丁,bocca/牧家,气球布丁,3445,质量,81.01,132,43,0,5,48,0.8958333333333334,131
711,2019070912,果冻/布丁,喜之郎,果冻90G*30 整箱,3447,性价比,90.08,56,77,5,4,86,0.8953488372093024,54
477,2019070912,果冻/布丁,优洽,SOSO果冻,3448,功能,94.8,39,1220,89,54,1363,0.8950843727072634,72
73,2019070912,果冻/布丁,clever mama/巧妈妈,芝士布丁,3444,味道,85.46,143,34,2,2,38,0.8947368421052632,139
191,2019070912,果冻/布丁,clever mama/巧妈妈,乳酸菌布丁,3444,味道,89.39,102,450,11,42,503,0.8946322067594433,140
968,2019070912,果冻/布丁,梦美颜,酵素果冻,3443,包装,77.48,156,25,0,3,28,0.8928571428571429,145
436,2019070912,果冻/布丁,雪之恋,雪之恋果冻50G*10个,3444,味道,77.35,199,25,0,3,28,0.8928571428571429,141
180,2019070912,果冻/布丁,喜之郎,150G/包,3444,味道,89.81,99,50,4,2,56,0.8928571428571429,142
381,2019070912,果冻/布丁,百变女郎,A果冻,3447,性价比,92.53,36,50,5,1,56,0.8928571428571429,55
646,2019070912,果冻/布丁,larbee/蜡笔小新,2.1KG果冻,3443,包装,88.95,104,325,9,30,364,0.8928571428571429,146
416,2019070912,果冻/布丁,喜之郎,CICI果汁果冻15包,3443,包装,83.67,133,58,1,6,65,0.8923076923076924,147
902,2019070912,果冻/布丁,喜之郎,什锦果冻360G*2袋 乳酸味儿童布丁零食小吃休闲食品大礼包,3443,包装,79.56,150,33,0,4,37,0.8918918918918919,148
653,2019070912,果冻/布丁,徐福记,C的酷,3444,味道,87.85,116,213,5,21,239,0.891213389121339,143
351,2019070912,果冻/布丁,樱桃小丸子,礼盒系列心型,3443,包装,83.3,139,57,1,6,64,0.890625,149
740,2019070912,果冻/布丁,盛香珍,DRQ3包组合果冻,3445,质量,76.72,134,24,0,3,27,0.8888888888888888,132
597,2019070912,果冻/布丁,喜之郎,乳酸什锦果冻360G*5袋,3443,包装,85.69,126,120,2,13,135,0.8888888888888888,150
568,2019070912,果冻/布丁,cocon/可康,多口味果冻 含椰果 480G,3443,包装,81.54,148,56,0,7,63,0.8888888888888888,151
329,2019070912,果冻/布丁,expressions,胶原蛋白果冻,3447,性价比,92.8,35,144,12,6,162,0.8888888888888888,56
853,2019070912,果冻/布丁,旺旺,吸吸冰,3444,味道,83.49,161,40,2,3,45,0.8888888888888888,144
760,2019070912,果冻/布丁,喜之郎,果汁果冻/乳酸果冻495G*4袋,3443,包装,76.98,157,24,0,3,27,0.8888888888888888,152
3,2019070912,果冻/布丁,喜之郎,蜜桔果肉果冻990G*2袋,3443,包装,86.42,122,111,3,11,125,0.888,153
197,2019070912,果冻/布丁,生和堂,雪梨枇杷膏,3444,味道,87.45,119,647,3,79,729,0.887517146776406,145
269,2019070912,果冻/布丁,moca-king/摩咔金,舞动吧组合250G*3盒,3447,性价比,95.71,15,386,38,11,435,0.8873563218390804,57
749,2019070912,果冻/布丁,福慕堂,酵素果冻,3447,性价比,84.6,75,47,2,4,53,0.8867924528301887,58
225,2019070912,果冻/布丁,larbee/蜡笔小新,果肉果冻,3443,包装,82.12,147,46,1,5,52,0.8846153846153846,154
620,2019070912,果冻/布丁,优洽,红果冻,3452,清肠排便效果,84.3,18,46,2,4,52,0.8846153846153846,8
752,2019070912,果冻/布丁,纤秀堂,3333,3448,功能,75.92,74,23,0,3,26,0.8846153846153846,73
388,2019070912,果冻/布丁,bocca/牧家,气球布丁,3444,味道,90.38,92,429,21,35,485,0.8845360824742268,146
136,2019070912,果冻/布丁,orihiro/欧力喜乐,果汁蒟蒻可吸果冻,3447,性价比,87.73,64,61,4,4,69,0.8840579710144928,59
502,2019070912,果冻/布丁,clever mama/巧妈妈,鸡蛋布甸,3446,口感,79.1,81,38,0,5,43,0.8837209302325582,73
718,2019070912,果冻/布丁,喜之郎,CICI可吸果冻750G*3袋组合,3444,味道,84.56,150,182,0,24,206,0.883495145631068,147
731,2019070912,果冻/布丁,忘不了,果板果冻,3444,味道,85.82,141,83,3,8,94,0.8829787234042553,148
883,2019070912,果冻/布丁,esthe pro labo,胶原蛋白果冻,3443,包装,83.31,138,60,1,7,68,0.8823529411764706,155
965,2019070912,果冻/布丁,广元堂,SOSO酵素果冻,3447,性价比,88.85,58,45,4,2,51,0.8823529411764706,60
596,2019070912,果冻/布丁,larbee/蜡笔小新,2.2KG果冻,3444,味道,80.22,187,45,0,6,51,0.8823529411764706,149
777,2019070912,果冻/布丁,cocon/可康,椰纤果肉果冻,3447,性价比,93.11,32,148,14,6,168,0.8809523809523809,61
390,2019070912,果冻/布丁,bocca/牧家,气球布丁,3446,口感,91.26,43,59,6,2,67,0.8805970149253731,74
63,2019070912,果冻/布丁,喜之郎,蜜桔果肉果冻散称500G,3445,质量,90.63,106,22,3,0,25,0.88,133
301,2019070912,果冻/布丁,喜之郎,CICI果汁果冻爽150G,3447,性价比,83.87,76,22,2,1,25,0.88,62
480,2019070912,果冻/布丁,柳月,咖啡布丁,3444,味道,81.25,179,44,1,5,50,0.88,150
956,2019070912,果冻/布丁,雅客,雅客心动珍礼果冻,3444,味道,86.83,130,286,6,33,325,0.88,151
433,2019070912,果冻/布丁,盛香珍,荔枝果冻,3447,性价比,75.05,88,22,0,3,25,0.88,63
266,2019070912,果冻/布丁,moca-king/摩咔金,舞动吧组合250G*3盒,3444,味道,87.87,115,1375,21,167,1563,0.8797184900831734,152
872,2019070912,果冻/布丁,秀尔魅,酵素果冻蓝莓味道,3447,性价比,90.41,53,65,6,3,74,0.8783783783783784,64
629,2019070912,果冻/布丁,盈茂,拖肥,3444,味道,84.1,156,65,2,7,74,0.8783783783783784,153
151,2019070912,果冻/布丁,easy fun,零卡果冻,3446,口感,78.62,83,43,0,6,49,0.8775510204081632,75
133,2019070912,果冻/布丁,orihiro/欧力喜乐,果汁蒟蒻可吸果冻,3444,味道,88.12,111,329,13,33,375,0.8773333333333333,154
640,2019070912,果冻/布丁,旺旺,吸的冻,3444,味道,82.83,167,92,1,12,105,0.8761904761904762,155
469,2019070912,果冻/布丁,旺旺,摇滚冻,3444,味道,88.78,106,318,15,30,363,0.8760330578512396,156
429,2019070912,果冻/布丁,乖乖瘦,酵素果冻,3452,清肠排便效果,89.62,8,35,4,1,40,0.875,9
236,2019070912,果冻/布丁,绿瘦,酵素果冻系列,3448,功能,74.89,75,28,0,4,32,0.875,74
443,2019070912,果冻/布丁,chacheer/洽洽,蒟蒻果汁果冻,3444,味道,73.96,216,21,0,3,24,0.875,157
333,2019070912,果冻/布丁,旺旺,维多粒,3444,味道,81.64,176,49,1,6,56,0.875,158
467,2019070912,果冻/布丁,盛香珍,纤维果冻组合,3444,味道,83.55,160,21,2,1,24,0.875,159
857,2019070912,果冻/布丁,喜之郎,散装果冻,3444,味道,82.33,171,77,1,10,88,0.875,160
647,2019070912,果冻/布丁,larbee/蜡笔小新,2.1KG果冻,3444,味道,87.29,125,773,16,95,884,0.8744343891402715,161
156,2019070912,果冻/布丁,旺旺,蒟篛果冻,3443,包装,84.32,130,284,0,41,325,0.8738461538461538,156
274,2019070912,果冻/布丁,佳达,拖肥,3446,口感,82.64,77,55,2,6,63,0.873015873015873,76
763,2019070912,果冻/布丁,larbee/蜡笔小新,2.3KG果冻,3444,味道,84.06,157,55,3,5,63,0.873015873015873,162
545,2019070912,果冻/布丁,米嬉,酵素果冻系列,3452,清肠排便效果,84.88,17,48,3,4,55,0.8727272727272727,10
649,2019070912,果冻/布丁,larbee/蜡笔小新,2.1KG果冻,3446,口感,81.13,78,82,0,12,94,0.8723404255319149,77
142,2019070912,果冻/布丁,喜之郎,乳酸果冻360G,3444,味道,83.08,164,34,2,3,39,0.8717948717948718,163
417,2019070912,果冻/布丁,喜之郎,CICI果汁果冻15包,3444,味道,85.66,142,88,4,9,101,0.8712871287128713,164
628,2019070912,果冻/布丁,盈茂,拖肥,3443,包装,75.42,163,27,0,4,31,0.8709677419354839,157
824,2019070912,果冻/布丁,clever mama/巧妈妈,奶酪布丁,3444,味道,84.41,152,108,3,13,124,0.8709677419354839,165
81,2019070912,果冻/布丁,喜之郞,乳酸果冻360G,3444,味道,78.85,192,27,1,3,31,0.8709677419354839,166
791,2019070912,果冻/布丁,杏花楼,冻冻果,3444,味道,84.38,153,74,3,8,85,0.8705882352941177,167
913,2019070912,果冻/布丁,妍致,乳酸果冻,3443,包装,71.41,172,20,0,3,23,0.8695652173913043,158
23,2019070912,果冻/布丁,three squirrels/三只松鼠,垦丁的晚霞果味果冻360G,3444,味道,86.56,133,599,12,78,689,0.8693759071117562,168
787,2019070912,果冻/布丁,喜之郎,什锦果肉果冻200G,3453,果肉,85.21,4,33,3,2,38,0.868421052631579,5
187,2019070912,果冻/布丁,otaku/御宅女,酵素果,3447,性价比,86.2,68,26,3,1,30,0.8666666666666667,65
268,2019070912,果冻/布丁,moca-king/摩咔金,舞动吧组合250G*3盒,3446,口感,83.1,75,201,1,30,232,0.8663793103448276,78
946,2019070912,果冻/布丁,喜之郎,网红抖音款,3444,味道,78.58,193,32,1,4,37,0.8648648648648649,169
818,2019070912,果冻/布丁,慕方,慕方蓝莓酵素果冻,3448,功能,72.05,76,19,0,3,22,0.8636363636363636,75
621,2019070912,果冻/布丁,巨峰,葡萄果冻,3443,包装,76.77,159,38,0,6,44,0.8636363636363636,159
908,2019070912,果冻/布丁,cocon/可康,椰果果冻80G*3杯,3445,质量,72.05,136,19,0,3,22,0.8636363636363636,134
566,2019070912,果冻/布丁,tarami,零卡组合,3444,味道,78.54,195,56,0,9,65,0.8615384615384616,170
574,2019070912,果冻/布丁,御食园,果冻爽,3443,包装,82.75,143,149,2,22,173,0.861271676300578,160
503,2019070912,果冻/布丁,clever mama/巧妈妈,鸡蛋布甸,3447,性价比,85.91,71,99,6,10,115,0.8608695652173913,66
531,2019070912,果冻/布丁,菲诺,椰子冻,3444,味道,88.26,110,142,11,12,165,0.8606060606060606,171
435,2019070912,果冻/布丁,萌萌星,酸奶布丁225G,3444,味道,81.3,178,55,2,7,64,0.859375,172
832,2019070912,果冻/布丁,韩乐,韩乐优酪果冻2KG,3444,味道,86.83,129,646,24,82,752,0.8590425531914894,173
759,2019070912,果冻/布丁,佰思宜,圣诞节礼包,3447,性价比,85.45,72,24,3,1,28,0.8571428571428571,67
120,2019070912,果冻/布丁,盛香珍,优酪果园果冻1000G,3447,性价比,80.69,83,42,2,5,49,0.8571428571428571,68
441,2019070912,果冻/布丁,老城南,200G柠檬冻冻糖,3444,味道,71.65,225,18,0,3,21,0.8571428571428571,174
159,2019070912,果冻/布丁,旺旺,蒟篛果冻,3446,口感,73.04,90,24,0,4,28,0.8571428571428571,79
251,2019070912,果冻/布丁,旺旺,ALICE QUEEN果汁果冻480G,3445,质量,75.08,135,30,0,5,35,0.8571428571428571,135
529,2019070912,果冻/布丁,cocon/可康,420G*4,3447,性价比,92.93,33,53,8,1,62,0.8548387096774194,69
476,2019070912,果冻/布丁,优洽,SOSO果冻,3447,性价比,91.64,48,176,20,10,206,0.8543689320388349,70
272,2019070912,果冻/布丁,佳达,拖肥,3444,味道,86.53,134,878,31,119,1028,0.8540856031128404,175
873,2019070912,果冻/布丁,秀尔魅,酵素果冻蓝莓味道,3448,功能,91.06,60,573,54,45,672,0.8526785714285714,76
898,2019070912,果冻/布丁,munwaving/美飘飘,酵素果冻盒装,3451,排毒效果,91.07,3,23,4,0,27,0.8518518518518519,6
500,2019070912,果冻/布丁,clever mama/巧妈妈,鸡蛋布甸,3444,味道,84.66,149,424,12,63,499,0.8496993987975952,176
216,2019070912,果冻/布丁,樱桃小丸子,樱桃小丸子,3444,味道,82.54,169,208,4,33,245,0.8489795918367347,177
261,2019070912,果冻/布丁,call me queen/叫我女王,胶原蛋白/洛神花/燕窝果冻,3452,清肠排便效果,92.18,5,292,35,17,344,0.8488372093023255,11
813,2019070912,果冻/布丁,喜之郎,香橙味果冻90克,3444,味道,78.58,194,84,0,15,99,0.8484848484848485,178
849,2019070912,果冻/布丁,新巧风,鸡蛋布丁,3444,味道,76.01,209,28,1,4,33,0.8484848484848485,179
182,2019070912,果冻/布丁,喜之郎,150G/包,3447,性价比,79.16,85,22,2,2,26,0.8461538461538461,71
973,2019070912,果冻/布丁,喜之郎,CICI果汁果冻爽15袋,3444,味道,79.16,190,22,2,2,26,0.8461538461538461,180
76,2019070912,果冻/布丁,clever mama/巧妈妈,鸡蛋布甸实惠装750G,3444,味道,84.91,146,691,21,105,817,0.8457772337821298,181
12,2019070912,果冻/布丁,平野,芝士味/焦糖味布丁,3444,味道,89.19,103,230,22,20,272,0.8455882352941176,182
446,2019070912,果冻/布丁,樱桃小丸子,果冻布丁,3444,味道,83.72,158,153,7,21,181,0.8453038674033149,183
78,2019070912,果冻/布丁,clever mama/巧妈妈,鸡蛋布甸实惠装750G,3446,口感,79.96,80,120,1,21,142,0.8450704225352113,80
245,2019070912,果冻/布丁,喜之郎,蜜桔果肉果冻大袋 990G/袋,3447,性价比,81.23,81,38,3,4,45,0.8444444444444444,72
677,2019070912,果冻/布丁,良品铺子,日式纸袋果冻,3446,口感,81.02,79,70,3,10,83,0.8433734939759037,81
149,2019070912,果冻/布丁,easy fun,零卡果冻,3444,味道,85.12,145,225,12,30,267,0.8426966292134831,184
779,2019070912,果冻/布丁,喜之郎,果冻90G,3444,味道,79.77,189,123,1,22,146,0.8424657534246576,185
209,2019070912,果冻/布丁,乖乖瘦,1盒蓝莓果冻,3447,性价比,94.51,23,96,16,2,114,0.8421052631578947,73
427,2019070912,果冻/布丁,乖乖瘦,酵素果冻,3447,性价比,88.74,59,32,5,1,38,0.8421052631578947,74
299,2019070912,果冻/布丁,喜之郎,CICI果汁果冻爽150G,3444,味道,73.36,217,32,0,6,38,0.8421052631578947,186
404,2019070912,果冻/布丁,爱飘飘,酵素果冻果粉,3452,清肠排便效果,89.88,7,935,87,89,1111,0.8415841584158416,12
933,2019070912,果冻/布丁,韩乐,优酪果冻2.5KG,3444,味道,87.13,127,58,7,4,69,0.8405797101449275,187
786,2019070912,果冻/布丁,喜之郎,什锦果肉果冻200G,3447,性价比,79.24,84,58,2,9,69,0.8405797101449275,75
26,2019070912,果冻/布丁,three squirrels/三只松鼠,垦丁的晚霞果味果冻360G,3447,性价比,84.84,74,105,8,12,125,0.84,76
563,2019070912,果冻/布丁,果延嗖,果延嗖酵素果冻,3447,性价比,90.37,55,21,4,0,25,0.84,77
679,2019070912,果冻/布丁,良品铺子,日式纸袋果冻,3453,果肉,74.57,8,42,0,8,50,0.84,6
219,2019070912,果冻/布丁,樱桃小丸子,樱桃小丸子,3454,外观,92.03,8,26,5,0,31,0.8387096774193549,8
624,2019070912,果冻/布丁,巨峰,葡萄果冻,3446,口感,77.82,84,26,2,3,31,0.8387096774193549,82
807,2019070912,果冻/布丁,call me queen/叫我女王,洛神花果冻,3449,养颜效果,84.52,9,31,4,2,37,0.8378378378378378,1
644,2019070912,果冻/布丁,喜之郎,果冻条,3444,味道,78.15,198,36,2,5,43,0.8372093023255814,188
662,2019070912,果冻/布丁,chacheer/洽洽,混合果冻-糖果装,3444,味道,83.16,163,252,10,39,301,0.8372093023255814,189
122,2019070912,果冻/布丁,良品铺子,米酿,3444,味道,84.45,151,359,17,53,429,0.8368298368298368,190
958,2019070912,果冻/布丁,雅客,雅客心动珍礼果冻,3446,口感,74.26,89,41,0,8,49,0.8367346938775511,83
843,2019070912,果冻/布丁,orihiro/欧力喜乐,双拼果冻,3444,味道,75.58,210,41,1,7,49,0.8367346938775511,191
664,2019070912,果冻/布丁,chacheer/洽洽,混合果冻-糖果装,3446,口感,76.43,86,46,1,8,55,0.8363636363636363,84
519,2019070912,果冻/布丁,小腰精,酵素果冻,3447,性价比,92.07,42,218,31,12,261,0.8352490421455939,78
456,2019070912,果冻/布丁,maizhao/唛兆,阿Q果冻,3444,味道,80.65,182,147,4,25,176,0.8352272727272727,192
660,2019070912,果冻/布丁,natural is best/自然派,芒果果冻,3444,味道,72.95,221,20,1,3,24,0.8333333333333334,193
771,2019070912,果冻/布丁,菲诺,YZD02,3446,口感,78.81,82,75,2,13,90,0.8333333333333334,85
914,2019070912,果冻/布丁,妍致,乳酸果冻,3444,味道,71.67,224,35,0,7,42,0.8333333333333334,194
222,2019070912,果冻/布丁,喜之郎,苹果味果冻,3444,味道,76.36,204,70,0,14,84,0.8333333333333334,195
623,2019070912,果冻/布丁,巨峰,葡萄果冻,3445,质量,70.93,137,25,0,5,30,0.8333333333333334,136
569,2019070912,果冻/布丁,cocon/可康,多口味果冻 含椰果 480G,3444,味道,82.07,173,120,6,18,144,0.8333333333333334,196
527,2019070912,果冻/布丁,cocon/可康,420G*4,3445,质量,77.42,133,74,1,14,89,0.8314606741573034,137
27,2019070912,果冻/布丁,three squirrels/三只松鼠,垦丁的晚霞果味果冻360G,3453,果肉,77.9,7,59,2,10,71,0.8309859154929577,7
486,2019070912,果冻/布丁,cocon/可康,果冻708G,3444,味道,73.33,218,39,0,8,47,0.8297872340425532,197
286,2019070912,果冻/布丁,平野,牛乳布丁,3444,味道,76.91,201,39,2,6,47,0.8297872340425532,198
74,2019070912,果冻/布丁,雪之恋,果冻布丁,3444,味道,76.35,205,78,0,16,94,0.8297872340425532,199
657,2019070912,果冻/布丁,萌萌星,酸奶布丁,3443,包装,72.49,169,34,0,7,41,0.8292682926829268,161
110,2019070912,果冻/布丁,bocca/牧家,规格: 布丁,3444,味道,80.52,184,63,4,9,76,0.8289473684210527,200
295,2019070912,果冻/布丁,冠品园,胶原酵素果冻,3452,清肠排便效果,83.6,19,29,4,2,35,0.8285714285714286,13
810,2019070912,果冻/布丁,call me queen/叫我女王,洛神花果冻,3452,清肠排便效果,94.24,1,181,32,6,219,0.8264840182648402,14
528,2019070912,果冻/布丁,cocon/可康,420G*4,3446,口感,76.67,85,19,2,2,23,0.8260869565217391,86
414,2019070912,果冻/布丁,梦雨果,JSGD001,3447,性价比,72.05,93,19,1,3,23,0.8260869565217391,79
342,2019070912,果冻/布丁,metabolic,酵素酵母果冻,3447,性价比,85.34,73,33,5,2,40,0.825,80
675,2019070912,果冻/布丁,良品铺子,日式纸袋果冻,3444,味道,85.97,138,665,49,93,807,0.8240396530359355,201
788,2019070912,果冻/布丁,喜之郎,果肉果冻200G,3443,包装,72.45,171,42,0,9,51,0.8235294117647058,162
684,2019070912,果冻/布丁,three squirrels/三只松鼠,牛奶冻,3444,味道,83.26,162,975,38,172,1185,0.8227848101265823,202
498,2019070912,果冻/布丁,淘吉,慕斯果冻,3454,外观,94.27,6,37,8,0,45,0.8222222222222222,9
362,2019070912,果冻/布丁,tarami,蒟蒻组合,3446,口感,84.6,69,23,4,1,28,0.8214285714285714,87
506,2019070912,果冻/布丁,中露,SOHO STAR果冻380G,3445,质量,69.08,138,23,0,5,28,0.8214285714285714,138
775,2019070912,果冻/布丁,cocon/可康,椰纤果肉果冻,3444,味道,82.1,172,202,11,33,246,0.8211382113821138,203
101,2019070912,果冻/布丁,淘吉,淘吉果冻布丁,3444,味道,70.38,226,32,0,7,39,0.8205128205128205,204
116,2019070912,果冻/布丁,盛香珍,优酪果园果冻1000G,3443,包装,75.66,161,64,1,13,78,0.8205128205128205,163
524,2019070912,果冻/布丁,小腰精,酵素果冻,3452,清肠排便效果,93.43,3,355,61,17,433,0.8198614318706697,15
137,2019070912,果冻/布丁,larbee/蜡笔小新,整箱果冻2100G,3443,包装,70.02,173,18,1,3,22,0.8181818181818182,164
296,2019070912,果冻/布丁,喜之郎,果肉果冻散称500G,3443,包装,66.8,175,18,0,4,22,0.8181818181818182,165
726,2019070912,果冻/布丁,网易严选,1108028,3453,果肉,81.05,6,31,4,3,38,0.8157894736842105,8
438,2019070912,果冻/布丁,喜之郎,混装口味2500克,3444,味道,72.38,222,44,0,10,54,0.8148148148148148,205
491,2019070912,果冻/布丁,喜之郎,果冻200G*10,3447,性价比,82.28,79,66,7,8,81,0.8148148148148148,81
769,2019070912,果冻/布丁,菲诺,YZD02,3444,味道,84.2,154,578,39,93,710,0.8140845070422535,206
800,2019070912,果冻/布丁,菲诺,YWYZD_1,3447,性价比,69.21,97,35,0,8,43,0.813953488372093,82
358,2019070912,果冻/布丁,萌萌星,酸奶布丁散装,3444,味道,73.16,220,35,1,7,43,0.813953488372093,207
589,2019070912,果冻/布丁,良品铺子,椰果布丁720G,3447,性价比,86.2,67,157,19,17,193,0.8134715025906736,83
497,2019070912,果冻/布丁,淘吉,慕斯果冻,3444,味道,76.31,206,61,2,12,75,0.8133333333333334,208
874,2019070912,果冻/布丁,秀尔魅,酵素果冻蓝莓味道,3449,养颜效果,81.99,10,26,4,2,32,0.8125,2
303,2019070912,果冻/布丁,panda gifts/熊猫有礼,椰子冻,3444,味道,78.16,197,117,4,23,144,0.8125,209
218,2019070912,果冻/布丁,樱桃小丸子,樱桃小丸子,3447,性价比,81.02,82,65,6,9,80,0.8125,84
717,2019070912,果冻/布丁,喜之郎,CICI可吸果冻750G*3袋组合,3443,包装,76.66,160,134,1,30,165,0.8121212121212121,166
117,2019070912,果冻/布丁,盛香珍,优酪果园果冻1000G,3444,味道,80.42,186,242,10,46,298,0.8120805369127517,210
910,2019070912,果冻/布丁,喜之郎,CICI果粒爽,3443,包装,72.47,170,30,1,6,37,0.8108108108108109,167
224,2019070912,果冻/布丁,喜之郎,苹果味果冻,3447,性价比,83.52,77,64,8,7,79,0.810126582278481,85
324,2019070912,果冻/布丁,expressions,蓝莓酵素果冻条,3452,清肠排便效果,85.44,16,51,8,4,63,0.8095238095238095,16
555,2019070912,果冻/布丁,纤淑,酵素果冻,3444,味道,75.46,212,59,2,12,73,0.8082191780821918,211
639,2019070912,果冻/布丁,旺旺,吸的冻,3443,包装,73.22,166,59,0,14,73,0.8082191780821918,168
922,2019070912,果冻/布丁,韩乐,优酪果冻1.75KG,3446,口感,66.78,92,21,0,5,26,0.8076923076923077,88
293,2019070912,果冻/布丁,冠品园,胶原酵素果冻,3447,性价比,94.94,18,42,10,0,52,0.8076923076923077,86
967,2019070912,果冻/布丁,广元堂,SOSO酵素果冻,3452,清肠排便效果,82.82,20,67,8,8,83,0.8072289156626506,17
884,2019070912,果冻/布丁,esthe pro labo,胶原蛋白果冻,3444,味道,76.3,207,71,3,14,88,0.8068181818181818,212
831,2019070912,果冻/布丁,韩乐,韩乐优酪果冻2KG,3443,包装,79.5,151,242,9,49,300,0.8066666666666666,169
28,2019070912,果冻/布丁,three squirrels/三只松鼠,垦丁的晚霞果味果冻360G,3454,外观,85.36,14,50,8,4,62,0.8064516129032258,10
792,2019070912,果冻/布丁,雪之恋,果冻500G,3444,味道,67.8,234,25,0,6,31,0.8064516129032258,213
725,2019070912,果冻/布丁,网易严选,1108028,3447,性价比,74.43,90,79,0,19,98,0.8061224489795918,87
578,2019070912,果冻/布丁,御食园,果冻爽,3447,性价比,72.83,92,62,0,15,77,0.8051948051948052,88
79,2019070912,果冻/布丁,clever mama/巧妈妈,鸡蛋布甸实惠装750G,3447,性价比,82.55,78,98,10,14,122,0.8032786885245902,89
526,2019070912,果冻/布丁,cocon/可康,420G*4,3444,味道,81.19,180,179,13,31,223,0.8026905829596412,214
195,2019070912,果冻/布丁,樱桃小丸子,150G吸吸系列,3444,味道,69.24,230,20,1,4,25,0.8,215
450,2019070912,果冻/布丁,旺旺,茶咖冻 132G 茶味,3443,包装,73.19,167,24,2,4,30,0.8,170
258,2019070912,果冻/布丁,call me queen/叫我女王,胶原蛋白/洛神花/燕窝果冻,3449,养颜效果,88.28,4,64,12,4,80,0.8,3
535,2019070912,果冻/布丁,郁香郎,乳酸果冻,3444,味道,69.24,231,20,1,4,25,0.8,216
942,2019070912,果冻/布丁,林锦记,海盐果冻4枚,3454,外观,94.61,4,40,10,0,50,0.8,11
135,2019070912,果冻/布丁,orihiro/欧力喜乐,果汁蒟蒻可吸果冻,3446,口感,85.66,64,52,9,4,65,0.8,89
431,2019070912,果冻/布丁,盛香珍,荔枝果冻,3444,味道,76.1,208,88,3,19,110,0.8,217
722,2019070912,果冻/布丁,网易严选,1108028,3444,味道,78.97,191,292,11,63,366,0.7978142076502732,218
794,2019070912,果冻/布丁,盛香珍,果冻210G,3444,味道,74.88,215,74,3,16,93,0.7956989247311828,219
680,2019070912,果冻/布丁,良品铺子,日式纸袋果冻,3454,外观,91.07,10,58,13,2,73,0.7945205479452054,12
633,2019070912,果冻/布丁,杏花楼,三口味冻冻果,3444,味道,75.55,211,27,3,4,34,0.7941176470588235,220
698,2019070912,果冻/布丁,苏晴子,CM7005,3452,清肠排便效果,82.57,22,65,9,8,82,0.7926829268292683,18
376,2019070912,果冻/布丁,果爱,什锦果冻,3447,性价比,71.86,94,19,2,3,24,0.7916666666666666,90
92,2019070912,果冻/布丁,麦心诺,明星款果冻,3449,养颜效果,85.72,6,34,7,2,43,0.7906976744186046,4
778,2019070912,果冻/布丁,喜之郎,果冻90G,3443,包装,74.96,164,83,3,19,105,0.7904761904761904,171
909,2019070912,果冻/布丁,cocon/可康,椰果果冻80G*3杯,3447,性价比,81.99,80,26,5,2,33,0.7878787878787878,91
141,2019070912,果冻/布丁,喜之郎,乳酸果冻360G,3443,包装,66.5,176,26,0,7,33,0.7878787878787878,172
899,2019070912,果冻/布丁,munwaving/美飘飘,酵素果冻盒装,3452,清肠排便效果,88.31,11,133,25,11,169,0.7869822485207101,19
409,2019070912,果冻/布丁,共盈,拖肥,3444,味道,69.9,229,48,0,13,61,0.7868852459016393,221
739,2019070912,果冻/布丁,盛香珍,DRQ3包组合果冻,3444,味道,77.13,200,66,6,12,84,0.7857142857142857,222
394,2019070912,果冻/布丁,flower gear/花齿轮,花齿轮魔芋花派3口味,3444,味道,85.37,144,44,9,3,56,0.7857142857142857,223
468,2019070912,果冻/布丁,旺旺,摇滚冻,3443,包装,74.93,165,185,3,48,236,0.7838983050847458,173
310,2019070912,果冻/布丁,christine/克莉丝汀,套装,3444,味道,76.67,203,83,6,17,106,0.7830188679245284,224
896,2019070912,果冻/布丁,munwaving/美飘飘,酵素果冻盒装,3449,养颜效果,77.89,12,36,5,5,46,0.782608695652174,5
837,2019070912,果冻/布丁,喜之郎,果冻360G*5袋,3443,包装,72.91,168,104,1,28,133,0.7819548872180451,174
125,2019070912,果冻/布丁,良品铺子,米酿,3447,性价比,71.55,95,43,2,10,55,0.7818181818181819,92
230,2019070912,果冻/布丁,盛香珍,优酪果园,3446,口感,68.75,91,43,0,12,55,0.7818181818181819,90
492,2019070912,果冻/布丁,喜之郎,果冻200G*10,3453,果肉,70.85,9,32,2,7,41,0.7804878048780488,9
553,2019070912,果冻/布丁,苏晴子,CM520,3452,清肠排便效果,82.82,21,67,11,8,86,0.7790697674418605,20
228,2019070912,果冻/布丁,盛香珍,优酪果园,3444,味道,75.32,214,197,5,51,253,0.7786561264822134,225
437,2019070912,果冻/布丁,喜之郎,混装口味2500克,3443,包装,67.2,174,35,0,10,45,0.7777777777777778,175
634,2019070912,果冻/布丁,喜之郎,果冻200GX10,3443,包装,63.63,179,21,0,6,27,0.7777777777777778,176
889,2019070912,果冻/布丁,esthe pro labo,胶原蛋白果冻,3449,养颜效果,86.56,5,166,30,18,214,0.7757009345794392,6
220,2019070912,果冻/布丁,樱桃小丸子,樱桃小丸子,3455,分量,65.0,14,24,0,7,31,0.7741935483870968,13
271,2019070912,果冻/布丁,佳达,拖肥,3443,包装,75.64,162,483,8,134,625,0.7728,177
360,2019070912,果冻/布丁,tarami,蒟蒻组合,3444,味道,76.84,202,170,11,39,220,0.7727272727272727,226
321,2019070912,果冻/布丁,expressions,蓝莓酵素果冻条,3447,性价比,77.02,86,34,5,5,44,0.7727272727272727,93
203,2019070912,果冻/布丁,生和堂,雪梨枇杷膏,3455,分量,63.11,15,20,0,6,26,0.7692307692307693,14
751,2019070912,果冻/布丁,福慕堂,酵素果冻,3452,清肠排便效果,66.17,27,23,1,6,30,0.7666666666666667,21
686,2019070912,果冻/布丁,three squirrels/三只松鼠,牛奶冻,3446,口感,74.56,88,137,7,35,179,0.7653631284916201,91
406,2019070912,果冻/布丁,爱飘飘,酵素果冻果粉,3455,分量,69.18,13,26,2,6,34,0.7647058823529411,15
827,2019070912,果冻/布丁,lium/溜溜梅,冻心装,3444,味道,68.93,232,78,0,24,102,0.7647058823529411,227
374,2019070912,果冻/布丁,果爱,什锦果冻,3444,味道,68.72,233,26,2,6,34,0.7647058823529411,228
305,2019070912,果冻/布丁,panda gifts/熊猫有礼,椰子冻,3446,口感,60.21,96,16,0,5,21,0.7619047619047619,92
385,2019070912,果冻/布丁,百变女郎,A果冻,3452,清肠排便效果,79.76,23,50,9,7,66,0.7575757575757576,22
536,2019070912,果冻/布丁,喜之郎,黄桃&蜜桃果肉果冻200G,3443,包装,65.31,178,25,1,7,33,0.7575757575757576,178
405,2019070912,果冻/布丁,爱飘飘,酵素果冻果粉,3454,外观,79.85,15,90,14,15,119,0.7563025210084033,13
478,2019070912,果冻/布丁,优洽,SOSO果冻,3452,清肠排便效果,85.64,15,136,29,15,180,0.7555555555555555,23
19,2019070912,果冻/布丁,be＆cheery/百草味,芝士蛋羹176G,3444,味道,75.4,213,71,8,15,94,0.7553191489361702,229
507,2019070912,果冻/布丁,中露,SOHO STAR果冻380G,3446,口感,62.18,95,24,0,8,32,0.75,93
782,2019070912,果冻/布丁,喜之郎,果冻90G,3455,分量,59.79,17,18,0,6,24,0.75,16
270,2019070912,果冻/布丁,moca-king/摩咔金,舞动吧组合250G*3盒,3454,外观,95.42,2,47,16,0,63,0.746031746031746,14
521,2019070912,果冻/布丁,小腰精,酵素果冻,3449,养颜效果,84.84,8,99,23,11,133,0.7443609022556391,7
364,2019070912,果冻/布丁,tarami,蒟蒻组合,3459,热量,58.55,1,17,0,6,23,0.7391304347826086,1
52,2019070912,果冻/布丁,贝兴,贝兴 益生菌粉 1.5G/袋*10袋*2盒套餐,3449,养颜效果,78.47,11,65,12,11,88,0.7386363636363636,8
797,2019070912,果冻/布丁,菲诺,YWYZD_1,3444,味道,70.13,228,123,7,37,167,0.7365269461077845,230
231,2019070912,果冻/布丁,盛香珍,优酪果园,3447,性价比,65.39,99,25,2,7,34,0.7352941176470589,94
867,2019070912,果冻/布丁,holiland/好利来,白桃果冻,3454,外观,86.85,13,147,38,15,200,0.735,15
862,2019070912,果冻/布丁,holiland/好利来,白桃果冻,3444,味道,72.29,223,476,13,159,648,0.7345679012345679,231
678,2019070912,果冻/布丁,良品铺子,日式纸袋果冻,3447,性价比,73.38,91,94,10,24,128,0.734375,95
687,2019070912,果冻/布丁,three squirrels/三只松鼠,牛奶冻,3447,性价比,75.59,87,201,23,50,274,0.7335766423357665,96
386,2019070912,果冻/布丁,平野,日式果冻布丁,3444,味道,81.56,177,60,14,8,82,0.7317073170731707,232
941,2019070912,果冻/布丁,林锦记,海盐果冻4枚,3444,味道,61.95,238,19,1,6,26,0.7307692307692307,233
16,2019070912,果冻/布丁,亲亲,果冻90G,3444,味道,61.2,239,19,1,6,26,0.7307692307692307,234
119,2019070912,果冻/布丁,盛香珍,优酪果园果冻1000G,3446,口感,65.66,93,35,2,11,48,0.7291666666666666,94
168,2019070912,果冻/布丁,妖秀,酵素果冻01,3452,清肠排便效果,73.19,25,24,5,4,33,0.7272727272727273,24
449,2019070912,果冻/布丁,樱桃小丸子,果冻布丁,3455,分量,60.54,16,16,1,5,22,0.7272727272727273,17
401,2019070912,果冻/布丁,爱飘飘,酵素果冻果粉,3449,养颜效果,85.23,7,287,70,38,395,0.7265822784810126,9
331,2019070912,果冻/布丁,expressions,胶原蛋白果冻,3449,养颜效果,91.31,1,260,82,17,359,0.724233983286908,10
169,2019070912,果冻/布丁,惠尔康,吸冻,3443,包装,66.13,177,31,3,9,43,0.7209302325581395,179
744,2019070912,果冻/布丁,来伊份,日式纸袋果冻,3444,味道,62.07,237,36,1,13,50,0.72,235
383,2019070912,果冻/布丁,百变女郎,A果冻,3449,养颜效果,70.88,14,18,4,3,25,0.72,11
283,2019070912,果冻/布丁,旺旺,132G*8,3443,包装,58.66,183,23,0,9,32,0.71875,180
14,2019070912,果冻/布丁,平野,芝士味/焦糖味布丁,3446,口感,75.89,87,28,7,4,39,0.717948717948718,95
622,2019070912,果冻/布丁,巨峰,葡萄果冻,3444,味道,73.32,219,151,17,43,211,0.7156398104265402,236
642,2019070912,果冻/布丁,旺旺,吸的冻,3447,性价比,54.56,105,15,0,6,21,0.7142857142857143,97
162,2019070912,果冻/布丁,平野,80G,3444,味道,55.2,241,15,0,6,21,0.7142857142857143,237
665,2019070912,果冻/布丁,chacheer/洽洽,混合果冻-糖果装,3447,性价比,74.65,89,64,12,14,90,0.7111111111111111,98
54,2019070912,果冻/布丁,贝兴,贝兴 益生菌粉 1.5G/袋*10袋*2盒套餐,3452,清肠排便效果,71.95,26,355,28,118,501,0.7085828343313373,25
830,2019070912,果冻/布丁,milky gold,牛奶布丁,3444,味道,66.66,235,29,4,8,41,0.7073170731707317,238
864,2019070912,果冻/布丁,holiland/好利来,白桃果冻,3446,口感,64.65,94,67,2,26,95,0.7052631578947368,96
363,2019070912,果冻/布丁,tarami,蒟蒻组合,3447,性价比,62.72,100,35,2,13,50,0.7,99
323,2019070912,果冻/布丁,expressions,蓝莓酵素果冻条,3449,养颜效果,90.3,3,21,9,0,30,0.7,12
643,2019070912,果冻/布丁,喜之郎,果冻条,3443,包装,60.06,181,28,1,11,40,0.7,181
673,2019070912,果冻/布丁,川品,高端系列,3452,清肠排便效果,75.92,24,23,7,3,33,0.696969696969697,26
932,2019070912,果冻/布丁,韩乐,优酪果冻2.5KG,3443,包装,58.87,182,34,0,15,49,0.6938775510204082,182
773,2019070912,果冻/布丁,菲诺,YZD02,3455,分量,57.81,18,27,0,12,39,0.6923076923076923,18
876,2019070912,果冻/布丁,秀尔魅,酵素果冻蓝莓味道,3452,清肠排便效果,87.33,13,94,34,8,136,0.6911764705882353,27
772,2019070912,果冻/布丁,菲诺,YZD02,3447,性价比,66.08,98,127,8,51,186,0.6827956989247311,100
808,2019070912,果冻/布丁,call me queen/叫我女王,洛神花果冻,3450,减肥功能,64.91,3,34,5,11,50,0.68,1
391,2019070912,果冻/布丁,bocca/牧家,气球布丁,3447,性价比,53.76,106,19,0,9,28,0.6785714285714286,101
609,2019070912,果冻/布丁,clever mama/巧妈妈,老酸奶布丁,3447,性价比,59.83,101,42,1,19,62,0.6774193548387096,102
945,2019070912,果冻/布丁,bpc/童颜丸,类人肽小颜防晒果冻,3449,养颜效果,91.07,2,23,11,0,34,0.6764705882352942,13
448,2019070912,果冻/布丁,樱桃小丸子,果冻布丁,3447,性价比,71.35,96,22,7,4,33,0.6666666666666666,103
483,2019070912,果冻/布丁,喜之郎,200G,3443,包装,60.97,180,50,4,21,75,0.6666666666666666,183
53,2019070912,果冻/布丁,贝兴,贝兴 益生菌粉 1.5G/袋*10袋*2盒套餐,3450,减肥功能,63.97,4,46,6,17,69,0.6666666666666666,2
276,2019070912,果冻/布丁,佳达,拖肥,3453,果肉,49.43,10,14,0,7,21,0.6666666666666666,10
691,2019070912,果冻/布丁,超友味,柠檬红茶果冻,3444,味道,58.65,240,68,1,34,103,0.6601941747572816,239
189,2019070912,果冻/布丁,otaku/御宅女,酵素果,3452,清肠排便效果,59.83,28,29,3,12,44,0.6590909090909091,28
505,2019070912,果冻/布丁,中露,SOHO STAR果冻380G,3444,味道,70.38,227,314,52,112,478,0.6569037656903766,240
767,2019070912,果冻/布丁,雪之恋,雪之恋果冻500G,3444,味道,52.59,242,15,1,7,23,0.6521739130434783,241
704,2019070912,果冻/布丁,喜之郎,果冻360G,3446,口感,57.99,98,41,0,22,63,0.6507936507936508,97
15,2019070912,果冻/布丁,平野,芝士味/焦糖味布丁,3447,性价比,55.06,103,20,2,9,31,0.6451612903225806,104
366,2019070912,果冻/布丁,来伊份,奶酪布丁,3444,味道,65.01,236,58,10,22,90,0.6444444444444445,242
829,2019070912,果冻/布丁,lium/溜溜梅,冻心装,3447,性价比,55.46,102,23,3,10,36,0.6388888888888888,105
580,2019070912,果冻/布丁,御食园,果冻爽,3455,分量,47.36,20,14,0,8,22,0.6363636363636364,19
533,2019070912,果冻/布丁,菲诺,椰子冻,3447,性价比,52.79,107,17,2,8,27,0.6296296296296297,106
338,2019070912,果冻/布丁,alibaba/小黄人,布丁吸吸果冻,3444,味道,48.94,243,21,0,13,34,0.6176470588235294,243
152,2019070912,果冻/布丁,easy fun,零卡果冻,3447,性价比,55.02,104,29,4,14,47,0.6170212765957447,107
59,2019070912,果冻/布丁,酷语,酵素,3449,养颜效果,71.35,13,22,10,4,36,0.6111111111111112,14
591,2019070912,果冻/布丁,良品铺子,椰果布丁720G,3455,分量,53.01,19,44,2,27,73,0.6027397260273972,20
259,2019070912,果冻/布丁,call me queen/叫我女王,胶原蛋白/洛神花/燕窝果冻,3450,减肥功能,60.13,5,56,12,26,94,0.5957446808510638,3
29,2019070912,果冻/布丁,three squirrels/三只松鼠,垦丁的晚霞果味果冻360G,3455,分量,44.81,21,17,0,12,29,0.5862068965517241,21
369,2019070912,果冻/布丁,来伊份,奶酪布丁,3447,性价比,44.29,108,14,1,9,24,0.5833333333333334,108
522,2019070912,果冻/布丁,小腰精,酵素果冻,3450,减肥功能,66.34,1,157,49,64,270,0.5814814814814815,4
856,2019070912,果冻/布丁,喜之郎,散装果冻,3443,包装,51.55,184,40,3,26,69,0.5797101449275363,184
402,2019070912,果冻/布丁,爱飘飘,酵素果冻果粉,3450,减肥功能,65.71,2,88,39,33,160,0.55,5
227,2019070912,果冻/布丁,盛香珍,优酪果园,3443,包装,44.67,185,37,0,32,69,0.5362318840579711,185
544,2019070912,果冻/布丁,米嬉,酵素果冻系列,3450,减肥功能,43.29,6,13,3,9,25,0.52,6
688,2019070912,果冻/布丁,three squirrels/三只松鼠,牛奶冻,3455,分量,41.67,22,33,0,32,65,0.5076923076923077,22
458,2019070912,果冻/布丁,maizhao/唛兆,阿Q果冻,3446,口感,59.75,97,16,11,5,32,0.5,98
440,2019070912,果冻/布丁,中露,什锦果肉,3444,味道,38.99,244,12,2,10,24,0.5,244
277,2019070912,果冻/布丁,佳达,拖肥,3455,分量,39.32,23,30,0,32,62,0.4838709677419355,23
897,2019070912,果冻/布丁,munwaving/美飘飘,酵素果冻盒装,3450,减肥功能,42.2,7,23,5,20,48,0.4791666666666667,7
249,2019070912,果冻/布丁,旺旺,ALICE QUEEN果汁果冻480G,3443,包装,39.8,186,59,0,68,127,0.4645669291338583,186
384,2019070912,果冻/布丁,百变女郎,A果冻,3450,减肥功能,37.51,8,13,3,12,28,0.4642857142857143,8
875,2019070912,果冻/布丁,秀尔魅,酵素果冻蓝莓味道,3450,减肥功能,37.05,9,30,2,34,66,0.45454545454545453,9
681,2019070912,果冻/布丁,良品铺子,日式纸袋果冻,3455,分量,35.83,24,24,1,29,54,0.4444444444444444,24
306,2019070912,果冻/布丁,panda gifts/熊猫有礼,椰子冻,3447,性价比,33.23,110,20,2,25,47,0.425531914893617,109
865,2019070912,果冻/布丁,holiland/好利来,白桃果冻,3447,性价比,34.15,109,70,14,106,190,0.3684210526315789,110
625,2019070912,果冻/布丁,巨峰,葡萄果冻,3447,性价比,26.54,111,17,0,30,47,0.3617021276595745,111
408,2019070912,果冻/布丁,共盈,拖肥,3443,包装,20.22,187,7,0,14,21,0.3333333333333333,187
407,2019070912,果冻/布丁,爱飘飘,酵素果冻果粉,3458,祛痘功能,22.95,1,15,1,30,46,0.32608695652173914,1
279,2019070912,果冻/布丁,佳达,拖肥,3457,添加剂,8.58,1,5,0,25,30,0.16666666666666666,1
126,2019070912,果冻/布丁,良品铺子,米酿,3455,分量,7.38,25,10,0,75,85,0.11764705882352941,25
